Title,Description,URL
中國-工業生產者出廠價格[PPI] | 中國-物價 | 圖組 | MacroMicro 財經M平方,"中國工業生產者出廠價格（Producer Price Index for Industrial Products, PPI），從生產者角度反映全部工業產品第一次出售時出廠價格的價格變動，統計範圍包含 1638 個基本分類的 2 萬多種工業產品的價格。主要分為生產資料（採掘、原材料、加工）和生活資料（食品、衣著、一般日用品、耐用消費品）兩大類構，其中生產資料權重約為 75%、生活資料權重約為 25%。 PPI 調查採取重點調查與典型調查相結合的調查方法，涉及 5 萬家以上工業企業。

PPI 年增率就是觀察企業所有工業產品出廠的價格長期趨勢變化，由於生產資料權重占比高，容易受到國際原物料價格走勢影響。 PPI 價格變動一方面反映工業品需求強弱，一方面影響工業企業的利潤變化與投資意願，因此 PPI 年增率高低也反映中國工業經濟活躍程度。

當 PPI 年增率上升，表示工業品價格上升，需求轉強，有助工業企業利潤上升、投資意願轉強；反之，當 PPI 年增率下降，工業企業利潤下降、投資意願轉弱。
",https://www.macromicro.me/collections/24/cn-price-relative/12049/cn-ppi
中國-社會融資增量細項 | 中國-市場指標 | 圖組 | MacroMicro 財經M平方,"社會融資規模增量，是指一定時期內實體經濟（境內非金融企業和住戶）從金融體系獲得的資金額，由人民幣貸款 + 外幣貸款 + 委託貸款 + 信託貸款 + 未貼現銀行承兌票 + 企業債券 + 地方政府專項債 + 非金融企業境内股票組成。

社融與 M2 的差異：
1. 社會融資為金融機構的「資產端」，可大體反映市場的融資需求和金融機構放貸意願。
2. M2 為金融機構的「負債端」，主體為銀行的存款，反映的是實體經濟的流動性多寡。

註 1：2019 年 12 月將國債和地方政府一般債券納入社會融資規模統計，與原有地方政府專項債券合併為政府債券指標。
註 2：2018 年 9 月起地方政府專項債券納入統計。
註 3：社會融資增量通常在季底時會有季節性的增長。",https://www.macromicro.me/collections/31/cn-finance-relative/41098/cn-total-social-financing-subindices
中國-月度經濟數據-工業增加值 | 中國-製造/服務 | 圖組 | MacroMicro 財經M平方,"中國工業增加值，與固定資產投資、社會零售銷售及房市數據，在每個月的中旬同時由統計局公佈，為「月度經濟數據」中最關鍵的硬數據之一。

中國工業增加值，即工業企業在生產活動最後的成果，是用來反映一定時期內，工業生產物量增減變動程度的指標，統計範圍為年主營業務收入 2000 萬元及以上的工業企業。

工業增加值為中國 GDP 的重要組成( 約佔 30％)，是觀察中國整體景氣的重要經濟指標。工業增加值的公式如下：

工業增加值 = 工業總產出-工業中間投入+應繳增值稅

工業企業包含原料工業、加工工業、裝配工業等，即一般常聽到的重工業和輕工業的總和。

註 ：2 月數據為 1、 2 月累計。",https://www.macromicro.me/collections/25/cn-industry-relative/229/cn-value-added-of-industry-pmi
中國-房價vs.融資環境 | 中國-房地產 | 圖組 | MacroMicro 財經M平方,"影響房市景氣的關鍵因素之一為融資環境，因此利率為觀察房價的先行指標。

當市場資金緊縮，市場利率上升、貸款成本高，房價容易下跌。
當市場資金寬鬆，市場利率下降、貸款成本低，房價容易上升。",https://www.macromicro.me/collections/26/cn-house-relative/2238/china-realestate-shibor
中國-社會融資規模增量 | 中國-市場指標 | 圖組 | MacroMicro 財經M平方,"社會融資規模增量是指一定時期內實體經濟（境內非金融企業和住戶）從金融體系獲得的資金額，由人民幣貸款 + 外幣貸款 + 委託貸款 + 信託貸款 + 未貼現銀行承兌票 + 企業債券 + 地方政府專項債券融 + 非金融企業境内股票所組成

社融與 M2 的差異：
1. 社會融資為金融機構的「資產端」，可大體反映市場的融資需求和金融機構放貸意願。
2. M2 為金融機構的「負債端」，主體為銀行的存款，反映的是實體經濟的流動性多寡

註 1：2019 年 12 月將國債和地方政府一般債券納入社會融資規模統計，與原有地方政府專項債券合併為政府債券指標。
註 2：2018 年 9 月起地方政府專項債券納入統計。
註 3：社會融資增量通常在季底時會有季節性的增長。",https://www.macromicro.me/collections/31/cn-finance-relative/8685/cn-total-social-financing
Title not found,Meta description not found,https://www.macromicro.me//www.macromicro.me/collections/22/cn-gdp-relative/21469/cn-the-urban-surveyed-unemployment-rate
中國-進出口vs.貿易差額 | 中國-對外貿易 | 圖組 | MacroMicro 財經M平方,中國外貿相關數據，包括進出口額、新出口訂單、集裝箱運價指數、香港商品進出口等。,https://www.macromicro.me/collections/27/cn-trade-finance-relative
中國-LPR利率互換 | 中國-市場指標 | 圖組 | MacroMicro 財經M平方,在 2019 年人行引進新的 LPR 定價基準後，也陸續推出與 LPR 利率掛鉤的衍生性商品，做為企業和銀行對沖利率風險的工具，包括 LPR Swap 、 LPR 交換選擇權等，其中利率互換又是交易最活躍的利率衍生品之一，因此 LPR 互換利率可作為市場交易者預期未來央行升息 / 降息的指標。,https://www.macromicro.me/collections/31/cn-finance-relative/43733/china-lpr-irs
中國-銀行信貸投放情況-房地產領域 | 中國-市場指標 | 圖組 | MacroMicro 財經M平方,人民銀行每季定期公佈商業銀行的信貸投放數據，其中包含工業、農業、基建、房地產及服務業，是觀察信貸資金流向細節的重要指標。本圖主要聚焦銀行對房地產部門的信貸投放情況。,https://www.macromicro.me/collections/31/cn-finance-relative/96894/china-bank-credit-real-estate-resident-housing-mortgage-loan
Title not found,Meta description not found,https://www.macromicro.me//en.macromicro.me/collections/23/cn-consumption
Title not found,Meta description not found,https://www.macromicro.me//en.macromicro.me/collections/1626/hk-finance-relative
香港-基準利率（日） | 香港-市場指標 | 圖組 | MacroMicro 財經M平方,"香港基準利率（Base Rate）計算經貼現窗進行回購協議交易時適用貼現率的基礎，目前基本利率定於當前的美國聯邦基金利率目標區間下限加 50基點，或隔夜與 1個月香港銀行同業拆息的 5天移動平均數的平均值水平，兩者以較高者為準。

香港由於採用聯繫匯率制度釘住美元，須跟隨美國的貨幣政策，因此香港金管局通常跟隨美國聯準會動作進行利率調整。",https://www.macromicro.me/collections/1626/hk-finance-relative/14075/hk-base-rate-day
中國-人行抵押補充貸款 (PSL) | 中國-市場指標 | 圖組 | MacroMicro 財經M平方,"「抵押補充貸款 (PSL)」，是人民銀行通過抵押方式向商業銀行發放的貸款，合格抵押品大多為高信用評級債券、優質信貸資產，屬於中國央行的一種中長期流動性投放工具，和央行傳統的「再貸款」工具類似，區別在於後者通常不需抵押品。

第一輪的 PSL 投放始於 2015 - 2019 年的棚戶區改造期間，專門用於支持「棚改貨幣化」（政府直接以貨幣的形式，補償被拆遷的棚戶區居民，而後居民再到商品房市場上購置住房），並由此催生出了一輪房地產循環，一度獲得有中國版 QE 的稱號。",https://www.macromicro.me/collections/31/cn-finance-relative/93846/china-pboc-mortgage-supplementary-loan-balance
中國-實質GDP-各行業（年增率） | 中國-GDP綜合指標 | 圖組 | MacroMicro 財經M平方,"統計局計算 GDP 時，會根據不同行業分類計算，行業的劃分乃是依據《中國國民經濟行業分類標準》，主要包含農林牧漁業，工業，建築業，批發和零售業，交通運輸、倉儲和郵政業，住宿和餐飲業，金融業，房地產業等行業。其中，工業又包含了採礦業，製造業，電力、熱力、燃氣及水生產和供應業，佔比最大的為製造業。

圖中各行業的 GDP 年增率，皆為剔除價格因素後的實質年增率，將不同行業拆分來看，可以觀察中國每一季經濟成長的主要動力來源。",https://www.macromicro.me/collections/22/cn-gdp-relative/73782/china-real-gdp-different-industries-yoy
中國-上海人民幣同業拆放利率 | 中國-市場指標 | 圖組 | MacroMicro 財經M平方,"中國上海隔拆利率 Shibor（人民幣）為銀行間同業拆借人民幣的利率，由信用等級較高的銀行組成報價團，是中國貨幣市場的基準利率，可依此了解中國金融市場的流動性。

當 Shibor 利率上升，反映銀行間資金流動性趨緊。
當 Shibor 利率下降，反映銀行間資金流動性寬鬆。",https://www.macromicro.me/collections/31/cn-finance-relative/935/cn-overnight-shibor
中國-商用車銷量 | 中國-消費 | 圖組 | MacroMicro 財經M平方,"中國商用車包含客車與貨車，此商用車銷量由中汽協公佈，由汽車廠商自行上報批發數量，商用車多用於運輸原材料等貨物，因此銷售狀況也同時反映中國景氣變化。

",https://www.macromicro.me/collections/23/cn-consumption/339/cn-china-commercial-vehicle-sales
中國-總體經濟熱度vs.全球-MM製造業週期指數 | 中國-GDP綜合指標 | 圖組 | MacroMicro 財經M平方,本圖分別選取人行問卷調查中，銀行家、企業家的總體經濟熱度指數，並將其與 MM 製造業週期一同呈現進行檢視。根據過往經驗，當兩個指數同時上升時，往往對應製造業週期的上行階段，可作為判斷製造業築底的信號之一。,https://www.macromicro.me/collections/22/cn-gdp-relative/72697/china-macro-economic-heat-bankers
香港-商品出口 | 中國-對外貿易 | 圖組 | MacroMicro 財經M平方,香港對貿易依賴程度極高，為香港的經濟命脈。整體出口貨品（Export）包括港產品出口及轉口貨品 ，其貨值是以離岸價計算 。,https://www.macromicro.me/collections/27/cn-trade-finance-relative/13518/hk-exports-of-goods
香港-服務進口-產業(年增率) | 中國-對外貿易 | 圖組 | MacroMicro 財經M平方,香港服務進口主要產業占比，以旅遊、運輸及金融服務為主。,https://www.macromicro.me/collections/27/cn-trade-finance-relative/13703/hk-imports-of-services-industries-yoy
Title not found,Meta description not found,https://www.macromicro.me//www.macromicro.me/collections/30/cn-investment-relative
中國-宏觀槓桿率 | 中國-市場指標 | 圖組 | MacroMicro 財經M平方,"宏觀槓桿率顯示的是一國的債務餘額與 GDP 之間的比例，為衡量一國債務水準的重要指標。

中國的居民槓桿率相較已開發國家仍有段距離，但在過去幾年中，中國卻是槓桿率上升最快的國家，從 2011 年初的 27.8%上升至 2020 年末的 62.2%，是遠高於新興市場的平均值，原因在於過去經濟衰退時，中國多以「房地產」作為主要擴大內需的手段，包括 2008 年金融海嘯後的四萬億鐵公雞、 2012 年歐債危機下放鬆金融創新的監管、 2015 年配合供給側改革出現的棚改貨幣化，也讓房地產成為經濟托底的重要工具，也是導致居民槓桿率快速飆升的原因。",https://www.macromicro.me/collections/31/cn-finance-relative/33510/cn-macro-leverage-ratio
中國-房地產新開工面積 | 中國-房地產 | 圖組 | MacroMicro 財經M平方,"新開工面積為本期新開工建設的房屋面積，不包括在上期繼續施工的房屋建築面積和上期停緩建而在本期復工的建築面積，房屋的開工以房屋正式開始破土刨槽（地基處理或打永久樁）的日期為準，屬於觀察房市供給端的重要指標之一，為房地產開發投資情況的先行指標。

註：未公佈 1 月份數據 ，其餘月份為當年度累計。",https://www.macromicro.me/collections/26/cn-house-relative/271/cn-housing-investment
中國-城鎮居民問卷調查 | 中國-GDP綜合指標 | 圖組 | MacroMicro 財經M平方,"城鎮儲戶問卷調查是中國人民銀行於 1999 年起建立的一項季度調查制度。每季在全國 50 個（大、中、小）調查城市、 400 個銀行網點中，各隨機抽取 50 名儲戶，共計 20,000 名儲戶作為調查對象。調查內容包括居民對就業與收入情況的感受、物價與房價的預期，以及未來增加更多投資、消費和儲蓄的意願變化，與中國實際的經濟循環走勢基本一致。",https://www.macromicro.me/collections/22/cn-gdp-relative/72694/china-questionnaire-for-urban-residents
中國-進出口vs.貿易差額 | 中國-對外貿易 | 圖組 | MacroMicro 財經M平方,"中國貿易餘額（Trade Balance）＝出口－進口，能反映中國進出口貿易狀況，由於中國的貿易形式為進口代工，再銷售至其他國家，因此基本上中國能長年維持貿易順差，其中美國是主要貿易順差來源，而日本、南韓則主要為表現為貿易逆差。

註 1：第一季進出口容易受到春節淡季因素影響，產生大幅波動、貿易逆差等狀況，不必過度解讀。
註 2：2020 年開始二月數據為一、二月累計。",https://www.macromicro.me/collections/27/cn-trade-finance-relative/276/cn-china-trade-balance
中國-固定資產投資 | 中國-投資 | 圖組 | MacroMicro 財經M平方,投資為中國主要經濟動能之一,https://www.macromicro.me/collections/30/cn-investment-relative
香港-中原城市領先指數(週數據) | 中國-房地產 | 圖組 | MacroMicro 財經M平方,中原地產公司在香港地產代理市場的佔有率超過 20%，因此由中原地產公司的合約成交價編製而成的中原城市領先指數，每週公佈能及時反映香港最新房價狀況 ，指數的基期為 1997 年七月的第一週。,https://www.macromicro.me/collections/26/cn-house-relative/13422/hk-centa-city-leading-index
香港-認沽／認購比率 | 香港-市場指標 | 圖組 | MacroMicro 財經M平方,"香港認沽／認購比率（Put／Call Ratio）＝認沽期權的成交量／認購期權的成交量－1，並百分比化，以 0 為基準點。

認沽／認購比率>0，表示市場情緒看空，港股動能疲弱。
認沽／認購比率<0，表示市場情緒看多，港股動能強勁。",https://www.macromicro.me/collections/1626/hk-finance-relative/13953/hk-put-call-ratio
中國-貸款加權平均利率（市場利率） | 中國-市場指標 | 圖組 | MacroMicro 財經M平方,中國金融機構人民幣一般貸款加權平均利率反映居民、企業融資成本高低，當利率上升，表示居民、企業融資成本上升，反之亦然，近年一般貸款加權平均利率隨著 LPR 利率連動。,https://www.macromicro.me/collections/31/cn-finance-relative/16113/cn-loan-interest-rate
中國-製造業採購經理人指數 | 中國-製造/服務 | 圖組 | MacroMicro 財經M平方,製造和服務業相關指標，包括 PMI/NMI、工業增加值及其細項、工業企業利潤、汽車產量等。,https://www.macromicro.me/collections/25/cn-industry-relative
中國-主要車商-每月電動車交付量 | 中國-消費 | 圖組 | MacroMicro 財經M平方,中國三大電動車創新公司蔚來（Nio）、小鵬（XPeng）、理想（Li）每月交付新車交付量，藉由銷量變化判斷中國新能源車產業趨勢，同時新能源汽車為中國十四五規畫重點產業之一，根據「中國新能源汽車產業發展計畫（ 2021 - 2035 年）」，中國預期 2025 年新能源汽車新車銷量的滲透率能達到 20%、 2035 年 50% 的發展目標，2020 年僅為 5% ，顯示成長潛力空間巨大。,https://www.macromicro.me/collections/23/cn-consumption/31358/cn-three-electric-car-maker
中國-工業增加值產品別(年增率) | 中國-製造/服務 | 圖組 | MacroMicro 財經M平方,"中國工業增加值中各項產品產量增長，反映其各個產業的生產活動情形。

註 ：2 月數據為 1、 2 月累計。",https://www.macromicro.me/collections/25/cn-industry-relative/313/cn-china-out-of-major-industrial-products-growth-rate
中國-零售銷售-石油相關 | 中國-消費 | 圖組 | MacroMicro 財經M平方,"中國位居全球第二的石油消費大國，約占全球石油消費的 15%，對於油價是重要的影響因素

註：2 月數據為 1、 2 月累計",https://www.macromicro.me/collections/23/cn-consumption/295/cn-china-retail-sales-of-enterprises-above-designated-size-petroleum-related-products
中國-貸款基準利率(2015 年前參考基準) | 中國-市場指標 | 圖組 | MacroMicro 財經M平方,"貸款基準利率，是中國官方早年利用行政手段直接設定的基準利率，是早期貸款利率定價的核心參考指標。

2013 年，中國人行取消了「貸款利率圍繞基準利率浮動」的行政管制，並透過「市場利率定價自律機制」制定了「貸款基礎利率（LPR）」的報價規則，讓商業銀行根據商業原則更自主地進行利率定價，LPR 逐步成為金融機構定價的全新參考指標。

隨後，人行不再更新貸款基準利率，2015 年 10 月 24 日迄今，1 年期人民幣貸款基準利率始終維持在 4.35%，不再及時反應中國境內市場利率環境的變化。

然而，「貸款基礎利率（LPR）」在實行過程中，仍有與貸款基準利率掛鉤的問題，2019 年，為了加速推進利率市場化（自由化）改革，人民銀行針對貸款基礎利率（LPR）的報價規則作了進一步的完善，同時將其更名為「貸款市場報價利率（LPR）」，並宣佈自 2020 年起金融機構所簽訂的新貸款合約不得參考貸款基準利率。",https://www.macromicro.me/collections/31/cn-finance-relative/256/cn-peoples-bank-of-china-interest-rate
香港-住宅買賣總量 | 中國-房地產 | 圖組 | MacroMicro 財經M平方,"香港房地產為經濟重要支柱之一，更與金融業密不可分，房地產相關貸款佔總貸款比重為 46%，同時港股中金融和地產產業佔比高達 55%，而香港住宅買賣總量為房市需求指標，包含一手住宅以及二手住宅，又以二手住宅買賣為主。


",https://www.macromicro.me/collections/26/cn-house-relative/13959/hk-number-of-sale-and-purchase-agreements-of-domestic-total-sales
中國-豬肉價格vs.居民消費者物價指數 | 中國-物價 | 圖組 | MacroMicro 財經M平方,"中國居民消費者物價指數（Consumer Price Index, CPI）權重中，以食品菸酒占最大宗，其中又以豬肉比重為最大，因此豬價與居民消費者物價的連動性高。

中國豬肉價格會隨著「豬週期」變動，2006 年以來，中國大致經歷四輪「豬週期」，主要有以下特點：

1. 每輪豬週期基本上約三至四年，下行時間略長於上行時間，主要是因為在下行階段，利潤下行，但只要未虧損，養殖戶退出的意願不強。

2. 每輪豬週期均伴隨疫病助推，但最近的豬週期相較過去明顯存在非市場化的政策因素，如環保干預。

3. 規模化和技術進步導致需要的能繁母豬和生豬存欄量下降，因此新一輪豬週期產能恢復後對應的存欄量將低於前期。",https://www.macromicro.me/collections/24/cn-price-relative/12773/cn-pork-price-vs-cpi
中國-全國爛尾樓停貸通知數量(累計) | 中國-房地產 | 圖組 | MacroMicro 財經M平方,"強制停貸意指購房者（業主）主動選擇停止向銀行還貸，由於 2022 年中國各房企在經歷過去年三條紅線及恆大暴雷衝擊後，資金渠道受阻導致許多樓盤停工，爛尾房問題加劇，但銀行卻存在違規使用預售資金疑慮，導致業主萌生停貸動機，並於 6/30 中國江西景德鎮恒大瓏庭樓盤業主發出的一份強制停貸告知書後，開始引發各地業主效仿的集體停貸潮。

本資料取自 Github 上「全國各省市爛尾樓停貸通知匯總」的統計，由於該數據自 2022/7/13 開始統計，此前的資料為 M平方自行整理業主於網路上已發布的強制停貸項目數。",https://www.macromicro.me/collections/26/cn-house-relative/54831/china-summary-of-loan-suspension
Title not found,Meta description not found,https://www.macromicro.me//en.macromicro.me/collections/30/cn-investment-relative
中國-電網&電源投資完成額 | 中國-投資 | 圖組 | MacroMicro 財經M平方,中國為全球最大的銅消費國，其中以電力行業需求占比最大，也就是基建行業中的電網、電源投資完成額 。,https://www.macromicro.me/collections/30/cn-investment-relative/23478/cn-electrical-grid-power-supply-investment-accumulated-yoy
中國-工業企業產成品存貨-中游裝備製造 (累計年增率) | 中國-製造/服務 | 圖組 | MacroMicro 財經M平方,"裝備製造業，位於中國工業企業的產業鏈中游，涉及中國各類新型經濟增長動能，如出口新三樣（電動車、電池、太陽能）、遠洋船舶製造、高鐵火車、綠色電力發電機組等，因此也與中國景氣息息相關。

汽車製造業：包含汽柴油車和電動車的整車製造、汽車車身、汽車零部件
電器機械和器材：包含太陽能組件、鋰電池、發電機組、電能轉換的電力電子元器件",https://www.macromicro.me/collections/25/cn-industry-relative/100872/cn-industrial-inventories-midstream-manufacturing
中國-固定資產投資 | 中國-投資 | 圖組 | MacroMicro 財經M平方,"中國固定資產投資（Fixed Asset Investment）包括房屋、建築物、機械設備、工具等，定義為一定時間內，社會完成的建造和購置固定資產的工作量，以及與此有關的費用的總稱 ，反映固定資產投資規模 、結構和發展速度的綜合性指標 。固定資產投資占中國 GDP 比重超過四成 ，為拉動經濟成長的重要動力 。

短期來看，固定資產投資能代表企業對未來景氣看法是否樂觀，帶動短期經濟增長；當固定資產投資積累後形成資本存量 ，將提升長期經濟增長潛力。

註：未公佈 1 月份數據 ，其餘月份為當年度累計
",https://www.macromicro.me/collections/30/cn-investment-relative/230/cn-china-investment-completed-fixed-assets
香港-持牌銀行-客戶活期存款 | 香港-市場指標 | 圖組 | MacroMicro 財經M平方,"持牌銀行是香港唯一可經營銀行業務的機構，其中可從客戶活期存款變化看出，客戶對於未來景氣的樂觀程度。

當客戶預期景氣較為樂觀時，活期存款增量將會上揚，投資、消費將會增加。
當客戶預期景氣較為悲觀時，活期存款增量將會下降，投資、消費將會下降。",https://www.macromicro.me/collections/1626/hk-finance-relative/14180/hk-licensed-banks-demand-of-customer-deposits
香港-零售業銷貨額 | 中國-消費 | 圖組 | MacroMicro 財經M平方,"香港零售業總銷貨額（Retail Sales），衡量香港本地零售業銷售貨品表現，不包含服務性消費支出，統計範圍包含香港本地消費者和訪港旅客，調查方式以每月針對約 3000 家零售商做抽樣調查。

旅遊為香港的重要產業之一，零售業總銷貨額在 GDP 占比超過兩成，為拉動經濟成長的主要動能之一。",https://www.macromicro.me/collections/23/cn-consumption/13743/hk-retail-sales-revenue
中國-國際收支平衡 (負債項) | 中國-市場指標 | 圖組 | MacroMicro 財經M平方,"金融帳屬於國際收支平衡中的一部份，追蹤一國所有的對外金融資產及負債，主要項目包括直接投資、投資組合投資、其他投資及準備資產。

圖中為金融帳的對外投資、投資組合投資（證券類投資）的負債項，當數值為正時代表外國資金流入中國，反之則代表外國對中國的相關投資呈現流出（撤離）。",https://www.macromicro.me/collections/31/cn-finance-relative/87989/china-balance-of-payments-foreign-direct-investment-liabilities
中國-黑色金屬產業鏈利潤 v.s. 鐵礦砂價格 | 中國-製造/服務 | 圖組 | MacroMicro 財經M平方,黑色金屬採選業（鐵礦砂）、黑色金屬冶煉和壓延加工業（粗鋼、鋼材）分別屬於工業企業大類中的採礦業、製造業，為鋼鐵產業鏈的上游和中游，中國為全球最大的鐵礦砂、鋼鐵消費國，其國內位於相關產業鏈的企業陸潤，也與鐵礦砂、鋼材價格的走勢息息相關。,https://www.macromicro.me/collections/25/cn-industry-relative/101008/cn-ferrous-metals-industry-chain-profit-vs-iron-ore-price
香港-外匯基金 | 香港-市場指標 | 圖組 | MacroMicro 財經M平方,"香港外匯基金（Exchange Fund）近似於外匯儲備，香港為了推出聯繫匯率制度，1976年政府將大部分的累計財政盈餘、硬幣發行基金資產以及土地基金資產（金融危機時期新增）轉撥到外匯基金，而外匯基金則為貨幣基礎（負債證明書＋總結餘＋流通港幣＋外匯基金票據及債券）提供不低於 100%的美元資產支持，香港金管局強調這些全數均能用以支持港幣聯繫匯率制度，能保持香港的國際金融中心地位、貨幣與金融體系的穩定健全。

香港外匯基金是反映國際資本流動最直接的指標之一，外匯基金上升顯示通過貿易或投資進入香港市場，資本淨流入，反之亦然。
",https://www.macromicro.me/collections/1626/hk-finance-relative/13427/hk-analysis-of-foreign-currency-reserve-assets
中國-中美利差vs.人民幣匯率(在岸) | 中國-市場指標 | 圖組 | MacroMicro 財經M平方,"中美利差：中美兩國 10 年期國債殖利率相減，該指標通常與美元 / 人民幣匯率反向變動：
1）中美利差縮小，海外資金傾向離開中國，不利人民幣。 
2）中美利差擴大，海外資金傾向流入中國，有利人民幣。 

例外時期：2019 年中美貿易戰局勢惡化，海外資金撤離中國，推升人民幣貶值預期。 ",https://www.macromicro.me/collections/31/cn-finance-relative/3926/cn-us-spread
中國-PMI-新訂單&庫存 | 中國-製造/服務 | 圖組 | MacroMicro 財經M平方,"中國 PMI 中的新訂單可作為需求狀況的領先指標，產成品庫存則可視為廠商供給的領先指標，透過兩者的差值可以判斷目前中國製造業的庫存循環位階

1. 主動去庫存階段：新訂單與產成品存貨同時往下，但產成品庫存下滑速度更快，位於循環的主跌段
2. 被動去庫存階段：新訂單上升，產成品存貨下降或持平，兩者差距擴大，位於循環的末跌段
3. 主動加庫存階段：新訂單與產成品庫存同時上升，但產成品庫存上升速度更快，位於循環的主升段
4. 被動加庫存階段：新訂單下降，產成品庫存上升或持平，兩者差距縮小，位於循環的末升段

通常 3 ~ 5 年為一個庫存循環",https://www.macromicro.me/collections/25/cn-industry-relative/5728/china-pmi-new-order-and-stock-index
中國-表外融資 | 中國-市場指標 | 圖組 | MacroMicro 財經M平方,"中國表外融資由信託貸款+委託貸款+未貼現銀行承兌匯票所組成，反映低信評企業的融資情形，若表外融資下滑，代表低信評企業在資金獲取上較為困難，反之亦然。

註：表內、表外：所謂表內是指銀行的資產負債表。由於中國銀行受限於法規，無法透過一般貸款方式向部分高風險企業貸放資金，因此銀行會利用表外的方式，將資金貸放出去，又不會記錄在資產負債表內，因此能規避法規限制，但同時造成過度槓桿風險。",https://www.macromicro.me/collections/31/cn-finance-relative/4560/china-off-balance-sheet-finance
中國-汽車銷售-三種統計口徑 | 中國-月度經濟數據 | 圖組 | MacroMicro 財經M平方,"中國境內的汽車銷售數據，有三種主要的統計口徑：

1、中國汽車流動協會-汽車市場研究分會（前身：乘聯會）：每週公佈乘用車零售、批發的「日均銷量」，本圖將該數據按照月頻率進行加總後，再計算其年增率。

2、中國汽車工業協會：每個月公佈乘用車、商用車和電動車的單月銷售情況，雖然不屬於週頻率的高頻資料，但其數據公佈速度通常比月中數據早一週，能讓我們更早了解上個月的車市情況，此外，該協會公佈的數據單位是銷量，可以剔除價格的干擾因素。

3、中國統計局：即月中數據的統計口徑，屬於社會零售銷售的細項數據，單位是銷售金額，該數據的表現可透過前面兩種口徑的數據提前了解。",https://www.macromicro.me/collections/21031/china-monthly-economic-data/101748/auto-sales-three-statistical-calibers
Title not found,Meta description not found,https://www.macromicro.me//www.macromicro.me/collections/1626/hk-finance-relative
香港-GDP各細項比重 | 中國-GDP綜合指標 | 圖組 | MacroMicro 財經M平方,"香港 GDP 組成可以分成四大部分：消費、投資、政府支出、淨出口（服務＆商品出口－服務＆商品進口）。

從出口、進口比重極高可看出，香港身為國際商業、貿易及金融樞紐，使其對外貿易依存度高，此外，因香港旅遊業發達，非香港居民消費佔整體 GDP 的比重約為 10％，所以旅遊業榮枯也為影響香港經濟的重要關鍵。",https://www.macromicro.me/collections/22/cn-gdp-relative/13453/hk-shares-of-gdp
中國-一線城市-地鐵客運量（週平均） | 中國-消費 | 圖組 | MacroMicro 財經M平方,"中國地鐵信息概覽網站會統計主要城市的每日地鐵客流量，可以衡量中國居民的出行頻率，並以此來判斷服務類消費的情況，與社零數據中的餐飲收入存在一定相關性。伴隨第三產業在中國經濟中的佔比越來越高，跟蹤服務消費的重要性也逐步提升。

本圖透過對北京、上海、廣州和深圳四大一線城市地鐵客運量的追蹤，可以一窺防疫優化後中國消費復甦的進展。",https://www.macromicro.me/collections/23/cn-consumption/74554/china-tier-1-cities-subway-passenger-traffic-weekly-average
中國-月度經濟數據-固定資產投資 | 中國-月度經濟數據 | 圖組 | MacroMicro 財經M平方,"中國固定資產投資（Fixed Asset Investment），與社會零售銷售、工業增加值及房市數據在每個月的中旬，由統計局同時公佈，屬於 GDP 增長「三駕馬車」（消費、投資和出口）中的重要一環，為月度經濟數據中最關鍵的硬數據之一。

固定資產投資主要包括房屋、建築物、機械設備、工具等，定義為一定時間內，社會完成的建造和購置固定資產的工作量，以及與此有關的費用的總稱 ，是反映整體社會「資本形成」的規模 、結構和發展速度的綜合性指標 。

固定資產投資占中國 GDP 比重超過四成 ，為拉動經濟成長的重要動力 。中國固定資產投資構成中，佔比最高的是房地產（20%）、基礎建設（25%）、製造業（30%）。
",https://www.macromicro.me/collections/21031/china-monthly-economic-data/101774/cn-investment-in-fixed-assets-total
Title not found,Meta description not found,https://www.macromicro.me//sc.macromicro.me/collections/24/cn-price-relative
中國-半導體積體電路產量 | 中國-製造/服務 | 圖組 | MacroMicro 財經M平方,"中國工業增加值中的半導體積體電路產量變化，能反映半導體產業景氣，半導體為「中國製造 2025 」中重要的扶植產業、以及國產替代的重點。（單位：億塊）

註 ：2 月數據為 1 、 2 月累計。",https://www.macromicro.me/collections/25/cn-industry-relative/316/cn-china-output-of-integrated-circuit
中國-工業企業產成品存貨-下游消費品製造 (累計年增率) | 中國-製造/服務 | 圖組 | MacroMicro 財經M平方,消費品製造，位於中國工業企業的產業鏈下游，由於與居民的日常消費、飲食起居、穿衣家居等息息相關，其庫存變化具有極強的景氣循環特征。,https://www.macromicro.me/collections/25/cn-industry-relative/100873/china-consumer-goods-industry-inventory-accumulated-yoy
香港-私人住宅售價指數 | 中國-房地產 | 圖組 | MacroMicro 財經M平方,香港官方公佈的住宅售價指數（年增率）能觀察房價長期變化趨勢。,https://www.macromicro.me/collections/26/cn-house-relative/13961/hk-rental-indices-of-all-classes-private-domestic
香港-服務進口 | 中國-對外貿易 | 圖組 | MacroMicro 財經M平方,香港服務進口佔總進口 12%，以運輸、旅遊、金融服務為主。,https://www.macromicro.me/collections/27/cn-trade-finance-relative/13699/hk-imports-of-services
香港-持牌銀行-客戶定期存款 | 香港-市場指標 | 圖組 | MacroMicro 財經M平方,"持牌銀行是香港唯一可經營銀行業務的機構，其中可從客戶定期存款變化看出，客戶對於未來景氣的樂觀程度。

當客戶預期景氣較為樂觀時，定期存款增量將會減少，投資、消費將會增加。
當客戶預期景氣較為悲觀時，定期存款增量將會增加，投資、消費將會減少。
",https://www.macromicro.me/collections/1626/hk-finance-relative/14181/hk-licensed-banks-demand-of-customer-time
中國-房地產竣工面積 | 中國-房地產 | 圖組 | MacroMicro 財經M平方,房屋竣工面積是指一段時間內已按照合同及設計要求完工，並達到供人使用條件的房屋。由於多數竣工面積屬於預售屋，可用來觀察中國預售屋市場的完工及交付狀況。,https://www.macromicro.me/collections/26/cn-house-relative/56643/cn-floor-space-of-real-esate-completed
中國-人行資產端 | 中國-市場指標 | 圖組 | MacroMicro 財經M平方,"中國人行（PBoC）資產端結構主要由外匯資產和對其他存款性公司債權所組成。 2015 年新興市場風暴，外匯資產受到資本大量外流，而大幅下滑，人行透過公開市場操作、降準、中期借貸便利(MLF) 等政策工具，提供長、中、短期流動性來投放貨幣，以抵銷外匯資產的流失，因此對其他存款性公司債權佔總資產比重逐漸上升。

外匯占款：
人行所持有國外資產（外匯、貨幣黃金、其他國外資產）中最主要的資產，為人行收購外匯資產而相應投放的本國貨幣。由於人民幣是非自由兌換貨幣，外資引入後需兌換成人民幣才能進入流通使用，從而形成了外匯占款，為 2015 年前人行投放基礎貨幣的主要渠道，近年處於穩定波動。

對其他存款性公司債權：
人行對商業銀行、政策性銀行等其他存款性公司的再貼現、再貸款、逆回購以及常備借貸便利（SLF）、短期流動性調節工具（SLO）、中期借貸便利（MLF）、臨時流動性便利（TLF）、定向中期借貸便利（TMLF）等一系列貨幣政策工具的餘額，為近年人行主要投放基礎貨幣的主要渠道。",https://www.macromicro.me/collections/31/cn-finance-relative/17671/cn-major-assets-of-pboc-balance-sheets
香港-實質GDP 年增率-細項經濟活動 | 中國-GDP綜合指標 | 圖組 | MacroMicro 財經M平方,香港製造業基本已全數移往中國，因此香港目前經濟結構以服務業主導，而從細項可以看出香港的經濟增長動能以外貿、金融服務、房地產、旅遊相關為主。,https://www.macromicro.me/collections/22/cn-gdp-relative/13819/hk-real-gdp-economic-activity
中國-貸款市場報價利率(2015 年後基準) | 中國-市場指標 | 圖組 | MacroMicro 財經M平方,"貸款市場報價利率（LPR）由 18 家報價行按照 MLF 利率加點形成的方式報價，加點程度則銀行考慮本身資金成本、風險等，加強貨幣市場利率向貸款利率的傳導。 LPR 利率每月 20 日九點半公佈，目前 LPR 包括一年期和五年期以上兩個品種，分別反映短期和中長期實際貸款利率的重要參考指標。

備註：中國人行宣布自 2020 年起各金融機構不得簽訂參考「貸款基準利率」定價的浮動利率貸款合約，浮動利率參考基準一律改為「貸款市場報價利率(LPR)」。",https://www.macromicro.me/collections/31/cn-finance-relative/13442/cn-loan-prime-rate
中國-房地產開發投資(到位資金) | 中國-房地產 | 圖組 | MacroMicro 財經M平方,"房地產開發企業本年到位資金為房企實際可用於房地產開發的各種貨幣資金及來源渠道，可細分為國內貸款、利用外資、自籌資金、定金及預收款、個人按揭貸款和其他資金。

註：未公佈 1 月份數據 ，其餘月份為當年度累計。",https://www.macromicro.me/collections/26/cn-house-relative/272/cn-sources-of-total-funds-of-enterprises-for-real-estate-development
中國-李克強指數vs.滬深300 | 中國-製造/服務 | 圖組 | MacroMicro 財經M平方,"前任中國國務院總理李克強，於 2007 年提及喜歡用「鐵路貨運量」、「用電量」及「銀行貸款發放量」判斷經濟形勢，後由英國《經濟學人》於 2010 年首次提出「李克強指數」這個概念。

M平方則根據花旗、 Wind 等主流機構的定義，將「鐵路貨運量」、「第二產業用電量」及銀行「中長期貸款」年增率，分別依 25% 、 40% 及 35% 的權重進行編製計算。（* 1 月數據不公佈）",https://www.macromicro.me/collections/25/cn-industry-relative/778/mm-cn-li-keqiang-index
中國-城市地鐵客運量 v.s. 社零銷售 | 中國-月度經濟數據 | 圖組 | MacroMicro 財經M平方,"中國地鐵信息概覽網站會統計主要城市的每日地鐵客流量，可以衡量中國居民的出行頻率，並以此來判斷服務類消費的情況，伴隨第三產業在中國經濟中的佔比越來越高，跟蹤服務消費的重要性也逐步提升。

地鐵客運量，屬於每週公佈的數據，將中國四大一線城市的地鐵客運數據以月平均的方式轉換，再計算其年增率，會發現該數據與月中數據當中，衡量內需消費的社會零售銷售存在相關性，地鐵客運更新速度快、更新頻率高的特性，讓我們能提前判斷未來一期的社會零售表現情況。",https://www.macromicro.me/collections/21031/china-monthly-economic-data/101740/subway-passenger-volume
中國-GDP各細項比重 | 中國-GDP綜合指標 | 圖組 | MacroMicro 財經M平方,"中國目前的經濟結構仍是以投資為主軸，消費作為第二引擎，可搭配社會零售、固定投資等數據做觀察
",https://www.macromicro.me/collections/22/cn-gdp-relative/984/cn-gdp-percentage
中國-汽車製造業利潤 v.s. 汽車零售 | 中國-製造/服務 | 圖組 | MacroMicro 財經M平方,中國工業企業中的汽車製造業利潤，與國內車市需求狀況具有較高的關聯性。,https://www.macromicro.me/collections/25/cn-industry-relative/100978/china-auto-industry-profits-vs-auto-sales
中國-電子業利潤 v.s. 全球電子產品週期 | 中國-製造/服務 | 圖組 | MacroMicro 財經M平方,中國的計算機、通信和電子設備產業，包含電腦、手機的整機製造，積體電路、內存、液晶面板等電子零組件製造，通俗來講就是電子業，中國自加入 WTO 以來逐步成為世界工廠，尤其是在消費性電子領域，其國內電子業相關企業的利潤變化，也與全球電子產品週期（半導體設備出貨金額循環）關係密切。,https://www.macromicro.me/collections/25/cn-industry-relative/100979/china-communication-computers-electronic-equipment-industry-profits
中國-原材料購進&出廠價格 vs. PPI(年增率) | 中國-物價 | 圖組 | MacroMicro 財經M平方,"原材料購進價格、出廠價格指數為中國製造業 PMI 中的兩個細項，以 50 為分界點，當兩者大於 50，代表企業認為未來原材料價格、出場廠價格上升；當兩者小於 50，代表企業認為未來原材料價格、出場廠價格下降。

這兩筆數據是調查企業對未來工業原材料價格變化的看法，對生產者價格指數（ PPI）有較強的領先性。",https://www.macromicro.me/collections/24/cn-price-relative/17665/cn-pmi-main-raw-material-purchase-price-vs-ppi-yoy
中國-製造業採購經理人指數 | 中國-製造/服務 | 圖組 | MacroMicro 財經M平方,"中國 PMI 通過對企業採購經理的月度調查結果統計匯總、編製而成的指數，涵蓋企業採購、生產、流通等各個環節，能反映全體製造業景氣，由五個細項（權重）加權計算組成，分別為新訂單（30％）、產出（25％）、從業人員（20％）、供應商配送時間（15％）、原材料庫存（10％），均以 50 作為分界點，50 以上代表景氣擴張，50 以下代表景氣衰退。此外，

中國 PMI 分為兩個版本：
1.官方製造業 PMI：
由中國物流與採購聯合會和中國國家統計局統計發布，調查樣本超過 3000 家，以大中型企業為主。

2.財新製造業 PMI：
調查樣本企業 500 家，以中小型以及出口導向型企業為主。

根據量化統計，當官方及財新版本出現背離時，通常代表經濟的波動加劇，且因官方 PMI 的採樣範圍更廣，波動性相較於財新 PMI 來的小，與工業增加值的相關性也更高。
",https://www.macromicro.me/collections/25/cn-industry-relative/232/cn-pmi-caixin
中國-鋼材產量 | 中國-製造/服務 | 圖組 | MacroMicro 財經M平方,"工業增加值中的鋼材產量變化，容易受到基建、房地產投資影響。（單位：萬噸）

*二月數值為一、二月累計",https://www.macromicro.me/collections/25/cn-industry-relative/318/cn-china-output-of-rolled-steel
香港-製造業PMI | 中國-製造/服務 | 圖組 | MacroMicro 財經M平方,香港製造業 PMI 通過對企業採購經理的月度調查結果統計匯總、編製而成的指數，產業範圍涵蓋製造業、建築業與服務業，能反映香港整體經濟景氣變化，由五個細項（權重）加權計算組成，分別為新訂單（30％）、產出（25％）、就業人數（20％）、供應商交期（15％）、採購庫存（10％），均以 50作為分界點，50以上代表景氣擴張，50以下代表景氣衰退。,https://www.macromicro.me/collections/25/cn-industry-relative/12351/hong-kong-pmi
中國-CPIvs.PPI | 中國-物價 | 圖組 | MacroMicro 財經M平方,CPI 除了可以反映終端消費者的需求狀況，也反映著中國下游民營企業的獲利狀況，例如電子設備、醫藥製造、食品紡織等等。而上游原物料和資源主要是被少數國企所壟斷，包括油氣開採、煤炭採礦、石油加工等等，因此 PPI 可作為國企的盈利指標。,https://www.macromicro.me/collections/24/cn-price-relative/38939/china-cpi-vs-ppi
Title not found,Meta description not found,https://www.macromicro.me//sc.macromicro.me/collections/22/cn-gdp-relative/21469/cn-the-urban-surveyed-unemployment-rate
中國-居民消費價格[CPI] | 中國-物價 | 圖組 | MacroMicro 財經M平方,中國CPI年增率及細項，生產者出廠及購進價格等。,https://www.macromicro.me/collections/24/cn-price-relative
中國-商品房銷售 | 中國-房地產 | 圖組 | MacroMicro 財經M平方,判斷中國房市景氣，包括商品房銷售、房地產開發、新開工、土地購置、房價等指標,https://www.macromicro.me/collections/26/cn-house-relative
Title not found,Meta description not found,https://www.macromicro.me//en.macromicro.me/collections/27/cn-trade-finance-relative
Title not found,Meta description not found,https://www.macromicro.me//sc.macromicro.me/collections/23/cn-consumption
中國-未貼現銀行承兌匯票 | 中國-市場指標 | 圖組 | MacroMicro 財經M平方,"銀行承兌匯票、商業承兌匯票進行貼現形成票據融資，而未進行貼現的則稱為未貼現銀行承兌匯票，為貿易商常用的短期融資工具，為銀行的表外融資項目。

",https://www.macromicro.me/collections/31/cn-finance-relative/8328/china-undiscounted-banker-acceptances
中國-非製造業採購經理人指數 | 中國-製造/服務 | 圖組 | MacroMicro 財經M平方,"中國非製造業 NMI 涵蓋企業採購、生產、流通等各個環節，能反映非製造業景氣，以 50 作為分界點，50 以上代表景氣擴張，50 以下代表景氣衰退。此外，中國非製造業 NMI 分為官方和財新兩個版本，分別代表大型企業以及民間企業的狀況。官方樣本包含非製造業的 43 個行業大類，4200 家調查樣本

註：財新服務業 PMI 通常會較官方晚兩天發布",https://www.macromicro.me/collections/25/cn-industry-relative/233/cn-nmi-caixin
香港-服務出口 | 中國-對外貿易 | 圖組 | MacroMicro 財經M平方,香港服務出口佔總出口 16%，以運輸、旅遊、金融服務為主。,https://www.macromicro.me/collections/27/cn-trade-finance-relative/13698/hk-exports-of-services
Title not found,Meta description not found,https://www.macromicro.me//sc.macromicro.me/collections/25/cn-industry-relative/229/cn-value-added-of-industry-pmi
Title not found,Meta description not found,https://www.macromicro.me//en.macromicro.me/collections/22/cn-gdp-relative/21469/cn-the-urban-surveyed-unemployment-rate
中國-月度經濟數據-主要房地產指標 | 中國-月度經濟數據 | 圖組 | MacroMicro 財經M平方,"中國房市數據，與固定資產投資、工業增加值及社會零售銷售數據，在每個月的中旬同時由統計局公佈，為月中數據當中最關鍵硬數據之一。 1998 年，中國開始全面實施城鎮住房的改革，房地產行業全面走向市場化模式，進入商品房時代，並開始於每個月中旬，定期公佈房市相關數據。

房市數據主要包含幾個主要的指標：
1、房地產企業的投資、開工、施工、竣工及資金鏈情況。
2、居民的商品房銷售情況",https://www.macromicro.me/collections/21031/china-monthly-economic-data/58844/china-real-estate-indicators
中國-固定資產投資完成額-按兩大模式區分 | 中國-投資 | 圖組 | MacroMicro 財經M平方,"將固定資產投資，按照不同的工作內容和實現方式作區分，可大致分為建築安裝工程，設備工具器具購置兩大部分。

建築、安裝工程：指房屋、建築物的建造工程，機械設備的安裝，以及鐵路、道路的鋪設，礦井的開鑿及石油管道的架設等。其中，建築工程又稱建築工作量。這部分投資額必須興工動料，通過施工活動才能實現；安裝工程指各種設備、裝置的安裝工程，又稱安裝工作量（不包括被安裝設備本身價值）。


設備、工具、器具購置：主要包含購置或自製之設備、工具、器具的價值",https://www.macromicro.me/collections/30/cn-investment-relative/107434/cn-investment-actually-completed-fixed-assets-divided-by-work-content-and-implementation-method
中國-月度經濟數據-消費、投資、工業與房市 | 中國-月度經濟數據 | 圖組 | MacroMicro 財經M平方,"中國國家統計局於每個月的中旬（約 15 號左右），公佈中國每個月最重要的四項總體經濟硬數據，簡稱「月度經濟數據」或「月中數據」：

1、社會零售銷售總額：衡量居民的消費內需，主要反映的是商品消費情況，也可以簡稱為「私人消費」、「民間消費」
2、固定資產投資完成額：是指以貨幣形式表現，一定時期內全社會建造和購置固定資產的工作量，也可以簡稱為「資本形成」，其中基建、房地產和製造業三項投資，就佔據其中 7 ~ 8 成。
3、工業增加值：即 GDP 附加價值中，由工業生產所創造的價值，其中以製造業增加值為主。
4、房市數據：房地產綜合景氣指數，是由投資額、到位資金、土地出讓收入、完成土地開發面積、空置面積、新開工面積、施工面積及銷售價格等，八個細項指標合成的指標，能綜合反映全國房地產行業的運行情況，超過 100 表示房市處於景氣的狀態，100 以下則為不景氣。",https://www.macromicro.me/collections/21031/china-monthly-economic-data/88589/china-key-indicator
中國-居民活期存款 | 中國-市場指標 | 圖組 | MacroMicro 財經M平方,"中國居民活期存款的變化，可以用來觀察居民對於未來景氣的樂觀程度。

當居民預期景氣較為樂觀時，活期存款增量將會上揚，投資、消費將會增加。
當居民預期景氣較為悲觀時，活期存款增量將會下降，投資、消費將會下降。",https://www.macromicro.me/collections/31/cn-finance-relative/5038/china-demand-deposits
香港-私人住宅租金指數 | 中國-房地產 | 圖組 | MacroMicro 財經M平方,香港私人住宅為設有專用煮食設施、浴室和廁所的獨立居住單位，並不包括公共房屋發展項目，官方私人住宅租金價格指數（年增率）能觀察租價長期變化趨勢，租金價格統計不包含括稅、管理費及其他費用。,https://www.macromicro.me/collections/26/cn-house-relative/13963/hk-rental-indices-of-private-domestic
中國-一線城市-地鐵客運量（週平均） | 中國-月度經濟數據 | 圖組 | MacroMicro 財經M平方,"中國地鐵信息概覽網站會統計主要城市的每日地鐵客流量，可以衡量中國居民的出行頻率，並以此來判斷服務類消費的情況，與社零數據中的餐飲收入存在一定相關性。伴隨第三產業在中國經濟中的佔比越來越高，跟蹤服務消費的重要性也逐步提升。

本圖透過對北京、上海、廣州和深圳四大一線城市地鐵客運量的追蹤，可以一窺防疫優化後中國消費復甦的進展。",https://www.macromicro.me/collections/21031/china-monthly-economic-data/74554/china-tier-1-cities-subway-passenger-traffic-weekly-average
中國-累計發電總量 | 中國-製造/服務 | 圖組 | MacroMicro 財經M平方,中國發電量全球第一，發電結構長期以來煤炭（火力）發電為主，佔總發電量的 6 成以上，第二大發電方式為水力發電佔 15% 左右，其餘核能、風能、太陽能及其他可再生能源發電比例偏低，但也處於快速成長階段。,https://www.macromicro.me/collections/25/cn-industry-relative/95906/china-production-generation-value-cumulative
中國-他線城市房價(年增率) | 中國-房地產 | 圖組 | MacroMicro 財經M平方,此房價使用新建商品住宅價格（年增率），反映二、三線城市房價長期變化趨勢。,https://www.macromicro.me/collections/26/cn-house-relative/646/cn-second-tier-city-housing-price-newly-consructed-commercial-residential-buildings-yoy
中國-規模以上工業企業利潤總額 | 中國-製造/服務 | 圖組 | MacroMicro 財經M平方,"中國工業企業利潤指企業在生產經營過程中各種收入扣除各種費用後的盈餘，反映企業在報告期內實現的盈虧總額，統計範圍為年主營業務收入為 2000 萬元及以上的工業企業，若工業需求強勁，或價格上升，均有助於工業企業利潤增長。

註：未公佈 1 月份數據 ，其餘月份為當年度累計",https://www.macromicro.me/collections/25/cn-industry-relative/259/cn-industrial-enterprises-total-profits
Title not found,Meta description not found,https://www.macromicro.me//sc.macromicro.me/collections/1626/hk-finance-relative
中國-PPI v.s. 工業企業產成品存貨 | 中國-製造/服務 | 圖組 | MacroMicro 財經M平方,"M平方觀察中國 PPI 、工業企業產成品庫存的循環，大約三至四年一次，庫存循環主要可分為去庫存、補庫存兩大階段。

去庫存階段：由於市場需求萎縮，導致廠商進行削減庫存的動作，產成品庫存開始顯著下降，同時拉貨動能的消退也帶動 PPI 出現滑落

補庫存階段：市場需求逐漸復甦，廠商對於未來展望轉趨樂觀，進而帶動廠商進行補庫存的動作，產成品存貨明顯增加，拉貨需求的改善則帶動 PPI 向上。",https://www.macromicro.me/collections/25/cn-industry-relative/14703/cn-industry-finished-goods-inventory-accumulated-ppi
中國-建築業PMI | 中國-房地產 | 圖組 | MacroMicro 財經M平方,"中國官方建築業 PMI 為非製造業中的重要組成項目之一，透過對建築業的採購經理人來觀察中國未來房地產景氣的好壞，也可用來反映政府對於基建投入的狀況。
",https://www.macromicro.me/collections/26/cn-house-relative/45519/cn-construction-pmi
中國-零售銷售-餐飲、商品 | 中國-消費 | 圖組 | MacroMicro 財經M平方,"中國社會消費品零售銷售（Retail Sales of Consumer Goods）按照消費類型分為「餐飲收入」和「商品零售」兩大類，以商品零售為最大宗。


註：2 月數據為 1、 2 月累計",https://www.macromicro.me/collections/23/cn-consumption/293/cn-retail-sales-of-consumer-goods-revenue-from-meals-retail-trade-growth-rate
Title not found,Meta description not found,https://www.macromicro.me//sc.macromicro.me/collections/30/cn-investment-relative
中國-固定資產投資-汽車製造業 | 中國-投資 | 圖組 | MacroMicro 財經M平方,"中國為全球最大的汽車「消費」與「生產」市場，從中國汽車製造業的固定資產投資金額，可以反映車企對全球汽車產業景氣榮枯的未來預期。

註：未公佈 1 月份數據，其餘月份為當年度累計",https://www.macromicro.me/collections/30/cn-investment-relative/302/cn-china-investment-in-fixed-assets-manufacture-of-cars
香港-最優惠貸款利率 | 香港-市場指標 | 圖組 | MacroMicro 財經M平方,"香港最優惠利率（Prime Rate）是銀行給最重要或信用質素最佳的客戶放貸的基本貸款利率，而對普通客戶通常是在此基礎上加上一個溢價，通常最優惠利率會高於同業拆款利率，過去是由銀行公會開會決定的，但在利率協議取消後，改由個別銀行的商業決定。這邊以香港最大發鈔銀行-匯豐銀行所報利率。
",https://www.macromicro.me/collections/1626/hk-finance-relative/14847/hk-prime-rate
Title not found,Meta description not found,https://www.macromicro.me//www.macromicro.me/collections/31/cn-finance-relative
"中國-三大產業增加值(當年累計值, 年增率) | 中國-GDP綜合指標 | 圖組 | MacroMicro 財經M平方","中國三大產業主要分類如下：
第一產業：農業、林業、牧業和漁業
第二產業：製造業、採礦業、建築業和公共工程等，為 GDP 第二大項。
第三產業：商業、金融、保險、不動產業、運輸、通訊業等，為 GDP 最大項。

中國政府逐步調整產業結構，在 GDP 占比中，第三產業增加值於 2013 年正式超過第二產業，並逐漸拉大差距。
",https://www.macromicro.me/collections/22/cn-gdp-relative/231/cn-china-gdp-value-added-primary-secondary-tertiary-industry
中國-商品房銷售 | 中國-房地產 | 圖組 | MacroMicro 財經M平方,"中國商品房銷售面積、金額為期間內出售新建商品房屋的合同總面積、總價款，也就是雙方簽署的正式買賣合同中所確認的建築面積、總價款，商品房銷售面積、金額增速為房市需求的重要觀察指標，商品房銷售狀況決定房企資金回籠，進而影響房企拿地、投資意願。

註：未公佈 1 月份數據 ，其餘月份為當年度累計。",https://www.macromicro.me/collections/26/cn-house-relative/273/cn-commercialized-buildings-sold
香港-人民幣拆放利率 | 香港-市場指標 | 圖組 | MacroMicro 財經M平方,"香港人民幣拆放利率，是香港金融市場上的銀行與銀行同業之間人民幣的拆出、借入資金的利率，可觀察金融市場的流動性。

當利率上升，反映資金流動性趨緊，
當利率下降，反映資金流動性寬鬆。",https://www.macromicro.me/collections/1626/hk-finance-relative/3753/china-hibor-cnh
中國-PMI新出口訂單vs.出口 | 中國-對外貿易 | 圖組 | MacroMicro 財經M平方,"中國 PMI 新出口訂單為官方製造業 PMI 的細項指數，以 50 為一個分界點，50 以上表示景氣擴張，50 以下則為景氣衰退，與中國出口增速變化相關性高，可做為中國出口表現的領先指標

當新出口訂單指數＞50，代表企業對於未來出口訂單需求樂觀，出口增速向上。
當新出口訂單指數＜50，代表企業對於未來出口訂單需求悲觀，出口增速向下。
",https://www.macromicro.me/collections/27/cn-trade-finance-relative/4694/china-pmi-vs-exports
中國-月度經濟數據-社會消費品零售銷售 | 中國-月度經濟數據 | 圖組 | MacroMicro 財經M平方,"中國社會消費品零售銷售（ Retail Sales of Consumer Goods ），與固定資產投資、工業增加值及房市數據，在每個月的中旬同時由統計局公佈，屬於 GDP 增長「三駕馬車」（消費、投資和出口）中的重要一環，為「月度經濟數據」當中最關鍵的硬數據之一。

該數據主要指企業通過交易販售給個人 、用於非生產 / 非經營用的「 實物商品 」金額 ，以及提供「 餐飲服務 」所取得的收入金額 ，包括實物商品網上零售額 ，但不包括非實物商品網上零售額 。調查方式分別針對限額以上單位進行全數調查 ，對限額以下單位進行抽樣調查 。
 
中國民間消費占 GDP 比重近四成 ，社會消費品零售銷售代表的是中國零售市場的變化 ，反映中國需求強弱 ，也反映一國人民的生活水平以及消費購買力。

註 ：要注意的是社會消費品並不包含服務業消費，同時，統計局自 2012 年後不再分別 1 月、 2 月的數據，，之後的 2 月數據皆為 1、 2 月的累計值。 ",https://www.macromicro.me/collections/21031/china-monthly-economic-data/228/cn-china-total-retail-sales-of-consumer-goods
中國-貸款市場報價利率(2015 年後基準) | 中國-市場指標 | 圖組 | MacroMicro 財經M平方,觀察中國市場流動性、融資狀況，數據包括LPR利率、存準率、人行資產負債表、貨幣供給、社會融資、居民及企業存款等。,https://www.macromicro.me/collections/31/cn-finance-relative
香港-人民幣拆放利率 | 中國-市場指標 | 圖組 | MacroMicro 財經M平方,"香港人民幣拆放利率，是香港金融市場上的銀行與銀行同業之間人民幣的拆出、借入資金的利率，可觀察金融市場的流動性。

當利率上升，反映資金流動性趨緊，
當利率下降，反映資金流動性寬鬆。",https://www.macromicro.me/collections/31/cn-finance-relative/3753/china-hibor-cnh
Title not found,Meta description not found,https://www.macromicro.me//sc.macromicro.me/collections/21031/china-monthly-economic-data
中國-三大產業增加值(當季值) | 中國-GDP綜合指標 | 圖組 | MacroMicro 財經M平方,"中國三大產業主要分類如下：
第一產業：農業、林業、牧業和漁業
第二產業：製造業、採礦業、建築業和公共工程等，為 GDP 第二大項。
第三產業：商業、金融、保險、不動產業、運輸、通訊業等，為 GDP 最大項。

中國政府逐步調整產業結構，在 GDP 占比中，第三產業增加值於 2013 年正式超過第二產業，並逐漸拉大差距。",https://www.macromicro.me/collections/22/cn-gdp-relative/269/cn-china-gdp-value-added-primary-secondary-tertiary-industry
香港-貸款及墊款總額 | 香港-市場指標 | 圖組 | MacroMicro 財經M平方,"香港銀行貸款增長為流動性觀察指標之一，貸款發放量和經濟活動狀況息息相關。

當香港景氣狀況佳，自然使得經濟活動主體企業或個人對信貸需求增長的增強，同時也代表香港重要的金融服務業景氣熱絡。
當香港景氣狀況差，自然使得經濟活動主體企業或個人對信貸需求增長的減少，同時也代表香港重要的金融服務業景氣低迷。		
		
",https://www.macromicro.me/collections/1626/hk-finance-relative/14067/hk-total-loans-and-advances
 香港-消費者物價細項(年增率) | 中國-物價 | 圖組 | MacroMicro 財經M平方,"香港消費者物價指數（Consumer Price Index, CPI），從消費者角度反映住戶所購買的生活消費品、服務項目等價格變動，統計範圍包含食品、住屋、電力、燃氣及水、煙酒 、衣履、耐用物品 、雜項物品、交通 、雜項服務。主要以食品和住屋為最大權重。",https://www.macromicro.me/collections/24/cn-price-relative/13434/hk-cpi-items
香港-香港同業拆放利率 | 香港-市場指標 | 圖組 | MacroMicro 財經M平方,"香港港幣拆放利率 HIBOR 是香港金融市場上的銀行與銀行同業之間港幣的拆出、借入資金的利率，容易受到資金進出影響，能藉此觀察出市場上港幣的流動性。

當銀行向貨幣發行局出售外幣（即資金流入），貨幣基礎擴張，利率下降，代表銀行間資金流動性寬鬆。
當銀行向貨幣發行局買入外幣（即資金流出），貨幣基礎收縮，利率上升，代表銀行間資金流動性緊縮。

",https://www.macromicro.me/collections/1626/hk-finance-relative/3752/hkd-interest-settlement-rates
中國-居民定期存款 | 中國-市場指標 | 圖組 | MacroMicro 財經M平方,"中國居民定期存款的變化，可以用來觀察居民對於未來景氣的樂觀程度。

當居民預期景氣較為樂觀時，定期存款增量將會減少，投資、消費將會增加。
當居民預期景氣較為悲觀時，定期存款增量將會增加，投資、消費將會減少。",https://www.macromicro.me/collections/31/cn-finance-relative/5039/china-time-other-deposits
Title not found,Meta description not found,https://www.macromicro.me//sc.macromicro.me/collections/27/cn-trade-finance-relative
中國-外商直接投資 | 中國-市場指標 | 圖組 | MacroMicro 財經M平方,"中國商務部所公佈的外商直接投資數據，是指外國企業為獲得在中國本地市場的利益，所作的投資決策，該數據反映全球各國企業對中國市場的投資意願，中國境內龐大人口所帶來的內需市場，一直是各大跨國企業所無法忽視的。

備註：自 2023 年 7 月起，中國商務部暫時中斷公佈美元計價金額的公佈，人民幣計價的金額從 2014 年至今延續公佈。",https://www.macromicro.me/collections/31/cn-finance-relative/258/cn-foreign-direct-investment
中國-他線城市房價(月增率) | 中國-房地產 | 圖組 | MacroMicro 財經M平方,"此房價使用新建商品住宅價格 (月增率)，反映二、三線城市房價短期變化。
",https://www.macromicro.me/collections/26/cn-house-relative/647/cn-second-tier-city-housing-price-newly-consructed-commercial-residential-buildings-mom
中國-企業定期存款 | 中國-市場指標 | 圖組 | MacroMicro 財經M平方,"中國企業定期的變化，可以用來觀察企業對於未來景氣的樂觀程度。

當企業預期景氣較為樂觀時，定期存款增量將會下降，投資、消費將會增加。
當企業預期景氣較為悲觀時，定期存款增量將會上揚，投資、消費將會下降。",https://www.macromicro.me/collections/31/cn-finance-relative/5041/china-time-other-deposits-non-financial-enterprises
香港-失業率＆總就業人數 | 中國-GDP綜合指標 | 圖組 | MacroMicro 財經M平方,"失業率為失業人口佔整體勞動人口的比例，顯示香港整體的就業狀況，失業率越低，代表就業狀況越好。

總就業人數是指，所有在統計前 7 天內有從事工作賺取薪酬或利潤，或有一份正式工作的 15 歲及以上人士。

",https://www.macromicro.me/collections/22/cn-gdp-relative/13973/hk-unemployment-rate-seasonally-adjusted-employed-persons
香港-服務出口-產業(年增率) | 中國-對外貿易 | 圖組 | MacroMicro 財經M平方,香港服務出口主要產業占比，主要以旅遊、運輸及金融為主。,https://www.macromicro.me/collections/27/cn-trade-finance-relative/13702/hk-exports-of-services-industries-yoy
香港-消費者物價(開支別) | 中國-物價 | 圖組 | MacroMicro 財經M平方,"香港消費者物價指數（Consumer Price Index, CPI），依據住戶開支高低細分為甲類、乙類及丙類 CPI，反映通膨對不同支出組別的住戶影響。

1. 甲類：（涵蓋香港 50% 住戶）
每月平均開支 6,700 ~ 28,700 港元。

2. 乙類：（涵蓋香港 30% 住戶）
每月平均開支 28,700 ~ 49,600 港元。

3. 丙類：（涵蓋香港 10% 住戶）
每月平均開支 49,600 ~ 94,200 港元。
",https://www.macromicro.me/collections/24/cn-price-relative/13432/hk-cpi-expenditure
中國-長江三峽大壩水庫-水位 | 中國-GDP綜合指標 | 圖組 | MacroMicro 財經M平方,"中國長江三峽水利樞紐工程，又稱為三峽大壩，為長江上游段建設的大型水利工程項目。

工程設計壩頂高程 185 公尺，防洪限制水位為 145公尺，而正常蓄水位和設計洪水位均為 175 公尺，防洪庫容 221.5 億立方公尺，校核洪水為 180.4公尺。

防洪限制水位：
水庫在汛期允許興利蓄水的上限水位，在常規防洪調度中是設計調洪計算的起始水位。

正常蓄水位：
水庫在正常運用情況下，為滿足興利要求應在開始供水時蓄到的高水位。

設計洪水位：
水庫在正常運用情況下，允許達到的最高水位。

校核洪水位：
水庫遇到大壩的校核洪水時，在壩前達到的最高水位，它是水庫在非常運用情況下，允許臨時達到的最高洪水位，是確定大壩頂高及進行大壩安全校核的主要依據。
",https://www.macromicro.me/collections/22/cn-gdp-relative/23487/cn-the-three-gorges-dam-water-stage
香港-商品進口-產品(年增率) | 中國-對外貿易 | 圖組 | MacroMicro 財經M平方,"香港前三大主要商品進口產品占比，以電動機械、儀器和用具及零件為最大宗，其次為通訊錄音及音響設備和儀器，以及辦公室機器和自動資料處理儀器。
",https://www.macromicro.me/collections/27/cn-trade-finance-relative/13764/hk-import-of-goods-products-yoy
香港-當季實質GDP內涵(年增率) | 中國-GDP綜合指標 | 圖組 | MacroMicro 財經M平方,香港 GDP 組成可以分成四大部分：消費、投資、政府支出、淨出口（服務＆商品出口－服務＆商品進口）。,https://www.macromicro.me/collections/22/cn-gdp-relative/14836/hk-real-gdp-component-yoy
香港-商品進口 | 中國-對外貿易 | 圖組 | MacroMicro 財經M平方,進口貨品（Import）是指在香港以外出產或製成的貨品 ，輸入香港供本地使用或轉口 ，以及再進口的香港產品 。其貨值是以到岸價計算 。,https://www.macromicro.me/collections/27/cn-trade-finance-relative/13519/hk-imports-of-goods
中國-工業企業利潤-三大類 (累計年增率) | 中國-製造/服務 | 圖組 | MacroMicro 財經M平方,"中國工業企業分為三大類：

1、採礦業：金屬類、非金屬類原料的開採，與大宗原物料價格、 PPI 的相關性較高

2、製造業：佔整體工業利潤最大宗，可分為上中下游，上游以黑色金屬、有色金屬、非金屬產品的冶煉加工為主；中游以汽車、電氣機械器材（鋰電池、太陽能組件）、船舶飛機等大型運輸設備、計算機資通訊產品為主；下游以飲食、服裝、家具、煙酒、文娛體育用品等消費品為主。

3、電力天然氣及水供應：主要是能源供應類企業，其利潤通常在經濟景氣恢復初期率先復甦",https://www.macromicro.me/collections/25/cn-industry-relative/100915/cn-industrial-rofits-three-major-mategories-accumulative-yoy
中國-商品零售-產品別(年增率) | 中國-消費 | 圖組 | MacroMicro 財經M平方,"中國社會零售可分為「餐飲收入」和「商品零售」兩大部分，前者為衡量居民的服務類消費需求，後者則是衡量居民的商品類消費需求，從絕對值來看「商品零售」佔主要成分，而此圖表所呈現的即為商品零售狀況。

商品零售大致可分為下列幾類商品：
1. 大宗商品消費：汽車、家電，是中國政府 2023 年促消費政策的重點支持領域。
2. 人員出行、旅遊及社交相關的消費：石油、服裝、化妝品、菸酒及金銀珠寶等。
3. 房地產後週期消費：家具、建築裝潢材料。
4. 飲食類：糧食、飲料。

我們可以通過觀察商品零售中不同類型商品的年增率變化，追蹤中國居民內需復甦的集中領域。",https://www.macromicro.me/collections/23/cn-consumption/75442/china-retail-sales-by-product-category-annual-growth-rate
中國-企業活期存款 | 中國-市場指標 | 圖組 | MacroMicro 財經M平方,"中國企業活期存款的變化，可以用來觀察企業對於未來景氣的樂觀程度。

當企業預期景氣較為樂觀時，活期存款增量將會上揚，投資、消費將會增加。
當企業預期景氣較為悲觀時，活期存款增量將會下降，投資、消費將會下降。",https://www.macromicro.me/collections/31/cn-finance-relative/5040/china-demand-deposits-non-financial-enterprises
中國-全球&上海出口集裝箱運價指數 | 中國-對外貿易 | 圖組 | MacroMicro 財經M平方,"中國出口集裝箱運價指數（CCFI）是 1998 年 4 月 23 日由上海航運交易所（Shanghai Shipping Exchange）首次編製發佈的。 CCFI 在眾多的出口集裝箱運輸航線中選擇了 12 條航線作為代表，並以這些航線的運價和箱量為依據計算運價指數。數據為每週公佈，能即時反映從中國港口出口的集裝箱運輸價格變動趨勢。

CCFI 樣本航線的國內出發港分別為：大連、天津、青島、上海、南京、寧波、廈門、福州、深圳和廣州。而上海為中國的航運中心以及重要出口起運點，故除了觀察 CCFI 外，也可同步觀察上海出口集裝箱運價指數（SCFI）。

中國做為全球出口最多的國家，運價指數可以有效反映目前全球貿易的供需狀況，本數據將於每週固定更新截止至上週五的狀況。

註：「集裝箱」在香港及台灣一般稱為「貨櫃」",https://www.macromicro.me/collections/27/cn-trade-finance-relative/947/commodity-ccfi-scfi
中國-鐵路貨運量 | 中國-GDP綜合指標 | 圖組 | MacroMicro 財經M平方,"中國鐵路貨運量為李克強指數的指標之一，源自於李克強在擔任遼寧省委書記時，因為不相信 GDP 而透過三個指標來追蹤遼寧的經濟動向，包括：鐵路貨運量、用電量和銀行貸款發放量
通常運輸量愈大，代表經濟發展愈活絡，因此也可作為驗證股市走勢的基本面指標。

由於鐵路運輸較為環保，因此於 2018 年開始，中國政府開始推動公路轉鐵路的貨運政策，希望於 2020 年鐵路貨運量可以較 2017 增加 30％。",https://www.macromicro.me/collections/22/cn-gdp-relative/261/cn-freight-traffic-railways
中國-外匯存底 | 中國-市場指標 | 圖組 | MacroMicro 財經M平方,外匯存底為由央行持有並可隨時兌換他國貨幣的資產，主要組成部分是美元資產，持有形式是美國國債和機構債，外匯存底變動反映一國對外輸出與對內進口的收支狀況，判斷資金流進或流出，因此外匯存底變動與人民幣走勢相符，可由此觀察人民幣走勢。,https://www.macromicro.me/collections/31/cn-finance-relative/936/china-foreign-exchange-reserves
Title not found,Meta description not found,https://www.macromicro.me//sc.macromicro.me/collections/31/cn-finance-relative
中國-人行負債端 | 中國-市場指標 | 圖組 | MacroMicro 財經M平方,"中國人行（PBoC）負債端結構主要由儲備貨幣項目所組成，儲備貨幣又由貨幣發行、非金融機構存款、對其他存款性公司存款三項目所構成，其餘主要項目還有政府存款。

貨幣發行：
包含流通中的現金（M0）和商業銀行的庫存现金，從其走勢上看，可見非常清晰的季節性，即在春節前後會出現對現金較為旺盛的需求。

對其他存款性公司存款：
為存款準備金，又可細分為法定存款準備金和超額存款準備金。法定準備金是其他存款性公司按照央行規定的法定準備金率存放在央行的存款，調整法定準備金率為央行貨幣政策主要工具之一。超額準備金是其他存款性公司為滿足日常支付清算需求而存放在央行的頭寸，超額準備金率（超儲率）則成為觀測銀行資金面的重要指標。

政府存款：
為央行經理的中央國庫存款和地方國庫存款。從政府存款規模走勢看，同樣具有較強的季節性。一般來說，每年 1、 4、 7、 10 月政府存款用增會出現顯著增加，這是由於這幾個月份是企業上繳所得稅的高峰時期；每年 3、 6、 9、 12 月政府存款用增會顯著回落，這是財政支出的集中時期，尤其是 12 月往往會出現財政突擊支出現象，導致當月政府存款回落幅度較其他月份更大。
",https://www.macromicro.me/collections/31/cn-finance-relative/17672/cn-major-liabilities-of-pboc-balance-sheets
Title not found,Meta description not found,https://www.macromicro.me//www.macromicro.me/collections/26/cn-house-relative
中國-央行資產負債表規模 | 中國-市場指標 | 圖組 | MacroMicro 財經M平方,"中國人民銀行的「資產負債表規模」與「規模/GDP 」看出人行貨幣政策的寬緊程度。

由於中國並沒有執行過大規模量化寬鬆政策，因此中國人行資產負債表規模擴張速度小於其他全球主要央行。",https://www.macromicro.me/collections/31/cn-finance-relative/56123/cn-pboc-total-assets
中國-工業企業利潤價量動能 | 中國-製造/服務 | 圖組 | MacroMicro 財經M平方,"工業企業的利潤總額，由量和價兩個因素決定，工業增加值可以看出量的變化，PPI 則反映價的變化。

量、價同跌時，工業企業利潤增速高機率下行

量、價同升時，工業企業利潤增速高機率向上

量、價一升一跌時，則觀察哪邊的力更大，有時企業採取以價換量的策略時，也會能有助於利潤總額的改善。",https://www.macromicro.me/collections/25/cn-industry-relative/100926/cn-ppi-industry-value-added-and-income
香港-外匯基金 | 香港-市場指標 | 圖組 | MacroMicro 財經M平方,香港資金流動易受國際環境影響，為觀察香港經濟的重要指標。,https://www.macromicro.me/collections/1626/hk-finance-relative
中國-乘用車銷量 | 中國-消費 | 圖組 | MacroMicro 財經M平方,"中國乘用車包含基本型乘用車（轎車）、多功能乘用車（MPV），運動型多用途乘用車（SUV）、交叉型乘用車等類型，此乘用車銷量由中汽協公佈，由汽車廠商自行上報批發數量，乘用車銷量好壞更能反映民間消費信心強弱。

此外，中國是全球最大的汽車消費市場，占比超過三成，遠超第二名的美國(約佔兩成)，因此中國汽車消費強弱，對全球汽車產業景氣榮枯影響重大。
",https://www.macromicro.me/collections/23/cn-consumption/326/cn-china-auto-sales
Title not found,Meta description not found,https://www.macromicro.me//en.macromicro.me/collections/25/cn-industry-relative/229/cn-value-added-of-industry-pmi
中國-固定資產投資-國有&民間 | 中國-投資 | 圖組 | MacroMicro 財經M平方,"中國固定資產投資（Fixed Asset Investment）分為「國有控股」與「民間」兩大類，兩者的整體占比分別約為 44% 和 56%。

國有控股投資常做為經濟下行時的重要支撐，具有逆景氣特性,景氣往下時政府開始擴基建，此時國有控股投資會很明顯增長；民間固定投資則通常具有順景氣週期特性（跟隨房地產和外需回暖），和製造業 PMI 關聯性更大，若要看中國經濟的未來，尤其要關注民間固定投資。

自 2012 年以來，民間投資佔全體固定資產投資比重從 61%下滑至 2019 年的 56%，顯現出目前中國在民營經濟上仍有許多的制約，包括融資問題、法令環境等，較難靠著內生的投資動能帶動整體經濟

國有控股定義：在企業的全部實收資本中，國有經濟成分的出資人擁有的實收資本（股本），所佔企業全部實收資本（股本）的比例大於 50% 的國有絕對控股。

註：未公佈 1 月份數據，其餘月份為當年度累計
",https://www.macromicro.me/collections/30/cn-investment-relative/298/cn-investment-actually-completed-state-owned-state-controlled-enterprises-vs-private-growth-rate
中國-一線城市房價(月增率) | 中國-房地產 | 圖組 | MacroMicro 財經M平方,「北上廣深」等一線城市一向為中國房價漲勢的領先者，此房價使用新建商品住宅價格 (月增率)，觀察房價短期變化。,https://www.macromicro.me/collections/26/cn-house-relative/274/cn-first-tier-city-housing-price-newly-consructed-commercial-residential-buildings-month-growth-rate
香港-美國LIBOR減香港HIBOR利差 | 香港-市場指標 | 圖組 | MacroMicro 財經M平方,"美國 LIBOR 利率為英國倫敦銀行同業間對於美元借貸的成本，而香港 HIBOR 利率則是香港銀行同業間對於港幣借貸的成本，當兩者利差過大時，就會出現套利的空間，同時帶動資金進出。

當 LIBOR-HIBOR 利差為正或擴大時，資金傾向流出香港，港幣傾向走弱。
當 LIBOR-HIBOR 利差為負或縮小時，資金傾向流進香港，港幣傾向走強。


",https://www.macromicro.me/collections/1626/hk-finance-relative/3750/libor-hibor-3-month
中國-新能源車銷量 | 中國-消費 | 圖組 | MacroMicro 財經M平方,新能源車為全球汽車未來發展趨勢，因為觀察中國新能源車（全球最大汽車市場）銷售動態便極為重要，當中國新能源車銷售量大增，代表相關供應鏈、電池原材料等相關商品需求大增，可特別留意。中國新能源汽車為中國十四五規劃重點產業之一，根據 《中國新能源汽車產業發展計畫（ 2021 - 2035 年）》，預期 2025 年新能源汽車新車銷量的滲透率能達到 20%、 2035 年為 50% 的發展目標，2020 年僅為 5% ，顯示成長潛力空間巨大。,https://www.macromicro.me/collections/23/cn-consumption/2445/china-new-energy-vehicle-sales
中國-官方非製造業指數細項 | 中國-製造/服務 | 圖組 | MacroMicro 財經M平方,"中國官方 NMI 細項中，涉及商務活動、新訂單、新出口訂單、在手訂單、存貨、投入品價格、銷售價格、從業人員、供應商配送時間、業務活動預期等十項個別編製而成的分項指數。

採樣企業中
1. 大型企業約佔 55%，中小企業約佔 45%
2. 國有控股企業約佔 63%，上市公司約佔 14%，其他佔 23%",https://www.macromicro.me/collections/25/cn-industry-relative/235/cn-nmi-items
中國-工業企業產成品存貨-上游原材料 (累計年增率) | 中國-製造/服務 | 圖組 | MacroMicro 財經M平方,"中國工業企業中，位於產業鏈上游的原材料開採、加工冶煉，庫存循環與 CRB 商品指數、 PPI 等上游原物料的價格指標息息相關。

原物料價格走升時，上游原材料產業獲利預期改善，傾向於回補庫存；原物料價格下跌時，補庫意願下降，會適當的減少庫存。",https://www.macromicro.me/collections/25/cn-industry-relative/100726/cn-upstream-raw-materials-industry-finished-goods
中國-實質GDP | 中國-GDP綜合指標 | 圖組 | MacroMicro 財經M平方,中國GDP年增率、細項比重、用電量、鐵路貨運量、失業率等指標。,https://www.macromicro.me/collections/22/cn-gdp-relative
中國-居民消費價格[CPI] | 中國-物價 | 圖組 | MacroMicro 財經M平方,"中國居民消費價格指數（Consumer Price Index, CPI），從消費者角度反映城鄉居民所購買的生活消費品、服務項目等價格變動，統計範圍包含食品菸酒、衣著、居住、生活用品及服務、交通和通信、教育文化和娛樂、醫療保健、其他用品和服務等 8 大類、 262 個基本分類的商品與服務價格，採用抽樣調查方法抽選確定調查網點，按照「定人、定點、定時」的原則，直接派人到調查地點採集原始價格。

核心消費者物價指數（Core CPI）為扣除波動較大的能源及食物後的物價水準

CPI 年增率是觀察「通貨膨脹」程度和「民眾消費購買力強弱」的重要指標，因此「穩定物價」也成為了中國人行貨幣政策最終目標之一。

當 CPI 年增率愈高 ，通膨壓力愈高，民眾消費購買力降低；反之，當 CPI 年增率愈低，通膨壓力愈低，民眾消費購買力上升。

月資料一般在每個月的 13 號左右公佈",https://www.macromicro.me/collections/24/cn-price-relative/225/cn-cpi
中國-月度經濟數據-社會消費品零售銷售 | 中國-消費 | 圖組 | MacroMicro 財經M平方,社零銷售總額、年增率、細項表現、汽車市場消費概況等。,https://www.macromicro.me/collections/23/cn-consumption
香港-貨幣基礎（月變動） | 香港-市場指標 | 圖組 | MacroMicro 財經M平方,"香港的聯繫匯率制度是指貨幣基礎的流量和存量都需要得到外匯儲備的支持，也就是其變動必須與外匯儲備一致，在沒有相應外匯儲備的情况下，金管局不能發行新貨幣，因此貨幣基礎能反映淨資本流動。貨幣基礎主要分為以下四大組成：

1. 負債證明書：規定指定銀行在發行紙幣時，須按港幣／美元為 7.8 的匯率向金管局交出美元，以購買負債證明書，作為所發行紙幣的支持，使在外流通的港幣皆有足夠的美元支持，相反，回收港元紙幣時，金管局會贖回負債證明書，銀行則自外匯基金收回等值美元。

2.政府發行的流通紙幣及硬幣：由代理銀行負責儲存及向公眾分發，金管局與代理銀行之間的交易也是按 7.80 港元兌 1 美元的匯率以美元結算。

3. 持牌銀行總結餘：銀行為結算銀行同業的收支及銀行與金管局之間的收支，而在金管局開設的結算戶口結餘總額，根據貨幣發行局制度的運作機制，唯一會令總結餘出現變動的情況，就是金管局因資金流入或流出港元作出相應行動。

4. 未償還外匯基金票據與債券：由金管局發行的港元債務證券，銀行可利用外匯基金票據及債券及其他合資格證券作抵押品訂立回購協議，透過貼現窗向金管局借取隔夜流動資金。
",https://www.macromicro.me/collections/1626/hk-finance-relative/14235/hk-monetary-base
中國-地方政府-國有土地使用權出讓收入 | 中國-房地產 | 圖組 | MacroMicro 財經M平方,"土地使用權出讓收入，是政府將國有土地使用權出讓給土地使用者所收到的權利金，出讓對象通常是房地產開發商。中國統計局自 2022 年 12 月起便不再公佈每月土地購置數據，後續若想追蹤中國土地市場景氣，土地出讓收入是一個相對可行的參考指標。

此數據與城投債存在較高關係，過往中國大興基建刺激經濟時，地方政府往往透過設立城投公司發行城投債，以此向銀行融資，政府通常將國有土地的所有權移轉至城投公司作為資金擔保，此舉能讓政府在不提高財政赤字的前提下，快速取得基建所需的資金，形成變相加槓桿。

而伴隨房市需求下降及地產開發商金流的惡化，土地價值和賣地收入也隨之下滑，導致城投公司現金流和再融資能力出現問題，進而影響城投債信用評級和償付能力，成為地方政府的隱性債務危機。",https://www.macromicro.me/collections/26/cn-house-relative/80568/china-local-government-state-owned-land-sales-revenue
中國-商品房銷售與庫存面積 | 中國-房地產 | 圖組 | MacroMicro 財經M平方,中國商品房的廣義庫存面積為待售面積加上施工面積，施工面積視為未來潛在的庫存。將庫存面積和銷售面積相比可看出房市的庫存壓力，以及未來整體房市的投資意願與景氣。,https://www.macromicro.me/collections/26/cn-house-relative/252/cn-floor-space-of-commercialized-buildings-sold-inventory-accumulated
中國-固定資產投資-三大產業 | 中國-投資 | 圖組 | MacroMicro 財經M平方,"中國三大產業簡單分類如下：
1. 第一產業：農業、林業、牧業和漁業
2. 第二產業：製造業、採礦業、建築業和公共工程等，為第二大占比
3. 第三產業：商業、金融、保險、不動產業、運輸、通訊業等，為最大佔比

中國近年不斷調整產業結構，第三產業固定資產投資的整體占比與成長率已經超越第二產業。

註：未公佈 1 月份數據，其餘月份為當年度累計",https://www.macromicro.me/collections/30/cn-investment-relative/263/cn-investment-completed-fixed-assets-primary-secondary-tertiary-industry-growth-rate
中國-月度經濟數據-社會消費品零售銷售 | 中國-消費 | 圖組 | MacroMicro 財經M平方,"中國社會消費品零售銷售（ Retail Sales of Consumer Goods ），與固定資產投資、工業增加值及房市數據，在每個月的中旬同時由統計局公佈，屬於 GDP 增長「三駕馬車」（消費、投資和出口）中的重要一環，為「月度經濟數據」當中最關鍵的硬數據之一。

該數據主要指企業通過交易販售給個人 、用於非生產 / 非經營用的「 實物商品 」金額 ，以及提供「 餐飲服務 」所取得的收入金額 ，包括實物商品網上零售額 ，但不包括非實物商品網上零售額 。調查方式分別針對限額以上單位進行全數調查 ，對限額以下單位進行抽樣調查 。
 
中國民間消費占 GDP 比重近四成 ，社會消費品零售銷售代表的是中國零售市場的變化 ，反映中國需求強弱 ，也反映一國人民的生活水平以及消費購買力。

註 ：要注意的是社會消費品並不包含服務業消費，同時，統計局自 2012 年後不再分別 1 月、 2 月的數據，，之後的 2 月數據皆為 1、 2 月的累計值。 ",https://www.macromicro.me/collections/23/cn-consumption/228/cn-china-total-retail-sales-of-consumer-goods
中國-零售銷售-汽車相關 | 中國-消費 | 圖組 | MacroMicro 財經M平方,"中國社會消費品零售銷售中，汽車類銷售金額占最大比重，而汽車為耐久財消費的重要代表，為觀察居民消費信心強弱的重點指標。

此外，中國是全球最大的汽車消費市場，因此中國汽車消費強弱，對全球汽車產業景氣榮枯影響重大。


註：2 月數據為 1 ~ 2 月累計",https://www.macromicro.me/collections/23/cn-consumption/294/cn-china-retail-sales-of-enterprises-above-designated-size-automobile
中國-實物商品網上零售額 | 中國-消費 | 圖組 | MacroMicro 財經M平方,"實物商品網上零售額指通過公共網絡交易平台（包括自建網站和第三方平台）實現的商品零售額，並不包含非實物商品（如虛擬商品、服務類商品等）
目前網上消費占社會消費品零售總額的比重超過 20% 以上 ，反映近年中國零售電商崛起的趨勢。",https://www.macromicro.me/collections/23/cn-consumption/26272/cn-online-retail-sales-in-goods
Title not found,Meta description not found,https://www.macromicro.me//www.macromicro.me/collections/23/cn-consumption
Title not found,Meta description not found,https://www.macromicro.me//en.macromicro.me/collections/21031/china-monthly-economic-data
香港-貨幣基礎 | 香港-市場指標 | 圖組 | MacroMicro 財經M平方,"香港的聯繫匯率制度是指貨幣基礎的流量和存量都需要得到外匯儲備的支持，也就是其變動必須與外匯儲備一致，在沒有相應外匯儲備的情况下，金管局不能發行新貨幣，因此貨幣基礎能反映淨資本流動。貨幣基礎主要分為以下四大組成：

1. 負債證明書：規定指定銀行在發行紙幣時，須按港幣／美元為 7.8 的匯率向金管局交出美元，以購買負債證明書，作為所發行紙幣的支持，使在外流通的港幣皆有足夠的美元支持，相反，回收港元紙幣時，金管局會贖回負債證明書，銀行則自外匯基金收回等值美元。

2.政府發行的流通紙幣及硬幣：由代理銀行負責儲存及向公眾分發，金管局與代理銀行之間的交易也是按 7.80 港元兌 1 美元的匯率以美元結算。

3. 持牌銀行總結餘：銀行為結算銀行同業的收支及銀行與金管局之間的收支，而在金管局開設的結算戶口結餘總額，根據貨幣發行局制度的運作機制，唯一會令總結餘出現變動的情況，就是金管局因資金流入或流出港元作出相應行動。

4. 未償還外匯基金票據與債券：由金管局發行的港元債務證券，銀行可利用外匯基金票據及債券及其他合資格證券作抵押品訂立回購協議，透過貼現窗向金管局借取隔夜流動資金。",https://www.macromicro.me/collections/1626/hk-finance-relative/3766/hk-monetary-base
Title not found,Meta description not found,https://www.macromicro.me//www.macromicro.me/collections/27/cn-trade-finance-relative
中國-存款準備金率 | 中國-市場指標 | 圖組 | MacroMicro 財經M平方,"存款準備金為金融機構為保證客戶提取存款和資金清算需要而準備的資金，而存款準備金率為金融機構按規向中國人行繳納的存款準備金佔其存款總額。

當人行上調存款準備金率，存款類金融機構存在央行錢增加，市場資金流動性緊縮。
當人行下調存款準備金率，存款類金融機構存在央行錢減少，市場資金流動性寬鬆。
",https://www.macromicro.me/collections/31/cn-finance-relative/262/cn-required-deposit-reserve-ratio
中國-委託貸款 | 中國-市場指標 | 圖組 | MacroMicro 財經M平方,"委託貸款只包括由企事業單位及個人等委託人提供資金，由金融機構（即貸款人或受託人）根據委託人確定的貸款對象、用途、金額、期限、利率等向境內實體代為發放、監督使用並協助收回的一般委託貸款，由於低信評企業融資難，因此常利用委託貸款之形式，將資金從銀行貸出。

",https://www.macromicro.me/collections/31/cn-finance-relative/8326/china-entrusted-loans
中國-官方製造業PMI細項 | 中國-製造/服務 | 圖組 | MacroMicro 財經M平方,"中國官 PMI 細項中，涉及生產、新訂單、新出口訂單、在手訂單、成品庫存、採購量、原材料庫存、從業人員、供應商配送時間、進口、原材料購進價格、出廠價格等分項指數

PMI 細項解釋：
生產：產品的生產數量
新訂單：接到的訂貨數量
新出口訂單：訂貨數量中用於出口的部分
在手訂單：尚未兌現的訂貨數量
產成品庫存：尚未被售出的產品數量
採購量：主要原材料的購買量
進口：主要原材料的進口量
原材料購進價格：原材料的平均購進價格
出廠價格：主要產品的平均出廠價格
原材料庫存：尚未使用的原材料數量
從業人員：生產經營的人員數量
供應商配送時間：主要供應商的交貨時間
生產經營活動：對未來 3 個月的生產經營預期",https://www.macromicro.me/collections/25/cn-industry-relative/234/cn-pmi-items
中國-信託貸款 | 中國-市場指標 | 圖組 | MacroMicro 財經M平方,信託貸款是資金信託計劃（包括集合信託與單一信託，剔除了財產信託）所配置的貸款資產，由於低信評企業融資難，因此常利用信託貸款之形式，將資金從銀行貸出。,https://www.macromicro.me/collections/31/cn-finance-relative/8327/china-trust-loans
中國-工業增加值行業別(年增率) | 中國-製造/服務 | 圖組 | MacroMicro 財經M平方,"中國工業增加值中，行業分為三大類別：製造業、採礦業、能源相關（電力、熱力、燃氣、水）。

註 ：2 月數據為 1、 2 月累計。",https://www.macromicro.me/collections/25/cn-industry-relative/314/cn-value-added-industry-growth-rate-comparison
中國-全社會定存與財政存款 v.s. 社會融資總量 | 中國-市場指標 | 圖組 | MacroMicro 財經M平方,"社會融資的上升，有時並不代表整體流動性的改善，新增的社融會形成三樣東西：政府的財政存款、企業定期存款和居民定期存款，這三者相加可視為資金體系中「被鎖住的流動性」

當「被鎖住的流動性」增速超越總體的社融增速時，表明大量投放的資金並未被運用在消費、生產和投資上，說明經濟體資金活力不足，從而導致 M1-M2 下滑；

當「被鎖住的流動性」增速快速回落時，表明資金開始從定期存款帳戶中釋放出來，開始用於消費與投資，或是因財政擴張需要，使政府的財政存款快速下降，推動 M1-M2 上升。",https://www.macromicro.me/collections/31/cn-finance-relative/99760/china-time-other-deposits-and-fiscal-deposits-vs-total-social-financing
中國-月度經濟數據-工業增加值 | 中國-月度經濟數據 | 圖組 | MacroMicro 財經M平方,"中國工業增加值，與固定資產投資、社會零售銷售及房市數據，在每個月的中旬同時由統計局公佈，為「月度經濟數據」中最關鍵的硬數據之一。

中國工業增加值，即工業企業在生產活動最後的成果，是用來反映一定時期內，工業生產物量增減變動程度的指標，統計範圍為年主營業務收入 2000 萬元及以上的工業企業。

工業增加值為中國 GDP 的重要組成( 約佔 30％)，是觀察中國整體景氣的重要經濟指標。工業增加值的公式如下：

工業增加值 = 工業總產出-工業中間投入+應繳增值稅

工業企業包含原料工業、加工工業、裝配工業等，即一般常聽到的重工業和輕工業的總和。

註 ：2 月數據為 1、 2 月累計。",https://www.macromicro.me/collections/21031/china-monthly-economic-data/229/cn-value-added-of-industry-pmi
香港-商品出口-國家(年增率) | 中國-對外貿易 | 圖組 | MacroMicro 財經M平方,"香港主要商品出口地區占比，以中國為最大佔比(超過一半)，其次為美國。
",https://www.macromicro.me/collections/27/cn-trade-finance-relative/13650/hk-exports-of-goods-to-countries-yoy
中國-月度經濟數據-城鎮調查失業率 | 中國-月度經濟數據 | 圖組 | MacroMicro 財經M平方,"中國城鎮調查失業率根據抽樣調查推算的城鎮失業人口占就業人口與失業人口之和的百分比，而 31 個大城市指中國的直轄市、省會城市和自治區首府，就業市場狀況好壞與內需消費息息相關。 16 至 24 歲城鎮調查失業率普遍被作為觀察「青年人」的失業狀況，由於 6-7 月為中國的畢業季，會有季節性的上升。

備註：2023 年 12 月開始，國家統計局已將青年失業中的「在校生」剔除，貼合國際比較標準。",https://www.macromicro.me/collections/21031/china-monthly-economic-data/21469/cn-the-urban-surveyed-unemployment-rate
中國-月度經濟數據-城鎮調查失業率 | 中國-GDP綜合指標 | 圖組 | MacroMicro 財經M平方,"中國城鎮調查失業率根據抽樣調查推算的城鎮失業人口占就業人口與失業人口之和的百分比，而 31 個大城市指中國的直轄市、省會城市和自治區首府，就業市場狀況好壞與內需消費息息相關。 16 至 24 歲城鎮調查失業率普遍被作為觀察「青年人」的失業狀況，由於 6-7 月為中國的畢業季，會有季節性的上升。

備註：2023 年 12 月開始，國家統計局已將青年失業中的「在校生」剔除，貼合國際比較標準。",https://www.macromicro.me/collections/22/cn-gdp-relative/21469/cn-the-urban-surveyed-unemployment-rate
Title not found,Meta description not found,https://www.macromicro.me//en.macromicro.me/collections/31/cn-finance-relative
中國-實質GDP | 中國-GDP綜合指標 | 圖組 | MacroMicro 財經M平方,"國內生產毛額（Gross Domestic Product，GDP），指一國在一段特定期間內，所生產的最終勞動或商品的總價值，為衡量一個國家經濟狀況和發展水平的重要經濟指標，而未剔除通膨影響前為「名目 GDP 」，剔除通膨影響則稱為「實質 GDP 」，較能反映真實經濟成長。近年中國政府調整經濟結構「減投資、擴內需」，希望能從過往追求高成長轉向高質量階段，目前為全球第二大經濟體，GDP 組成中主要以投資為主，消費為輔。

",https://www.macromicro.me/collections/22/cn-gdp-relative/224/cn-gdp-growth-rate
中國-利率走廊 | 中國-市場指標 | 圖組 | MacroMicro 財經M平方,"中國利率走廊仍處在探索時期，尚未明確公佈是由哪些利率所構成。根據目前市場普遍推測：走廊上限為 ㄧSLF 利率（7 天期），提供市場流動性；走廊下限為超額準備金利率，吸收市場流動性，但由於一直固定在低點，約束利率波動能力低，因此實際上的下限為逆回購利率（7 天期）。

貨幣市場候選的基準利率：銀行間債券質押式回購利率（DR007）、上海人民幣拆放利率 7 天期（Shibor7D）。

當貨幣市場利率貼近上限時，反映貨幣政策趨緊，資金流動性緊縮。
當貨幣市場利率貼近下限時，反映貨幣政策寬鬆，資金流動性充裕。
",https://www.macromicro.me/collections/31/cn-finance-relative/15742/cn-interest-rate-corridor
中國-地方政府發債量 | 中國-市場指標 | 圖組 | MacroMicro 財經M平方,"地方政府債券可以分為一般債券和專項債券：

1. 「一般債券」是地方政府為了緩解資金緊張或解決臨時經費不足而發行的債券，對於一般債券的償還，地方政府通常以本地區的財政收入作為擔保。

2. 「專項債券」是為籌集資金建設某專項基建工程而發行的債券，地方政府往往以項目建成後取得的收入作為保證。",https://www.macromicro.me/collections/31/cn-finance-relative/75563/china-local-government-bonds-issued
中國-銀行家-貸款需求vs.總經前景 | 中國-GDP綜合指標 | 圖組 | MacroMicro 財經M平方,"銀行家問卷調查是中國人民銀行於 2004 年建立的一項季度調查，全國共調查 3,200 家銀行機構，調查對象為這些銀行機構（含外資商業銀行機構）的總部負責人，以及其一級分支機搆、二級分支機搆的行長或主管信貸業務的副行長。主要調查內容包括銀行對總體經濟前景、各產業貸款需求、貨幣政策感受及盈利等狀況的判斷。",https://www.macromicro.me/collections/22/cn-gdp-relative/72696/china-bankers-survey-loan-emand-vs-overall-economic-heat
中國-M1減M2 vs.滬深300 | 中國-市場指標 | 圖組 | MacroMicro 財經M平方,"中國貨幣供應量為流動性觀察指標之一，主要可分為三種：
廣義貨幣供給（M2）＝ M1+居民儲蓄存款+企業定期存款+外幣存款+信託類存款
狹義貨幣供給（M1）= 流通中的貨幣+企業活期存款+機關團體部隊存款+農村存款+個人持有的信用卡類存款，其中企業活期存款佔中國 M1 比重高達 40%以上。
貨幣供給（M0）= 流通中的貨幣。

M1 增速＞M2 增速表示民間投資對於未來是「正向」看待，願意把錢放在活期存款準備隨時投資。
M1 增速＜M2 增速表示民間投資對於未來是「負向」看待，只願意把錢放在定存帳戶，不願意投資。",https://www.macromicro.me/collections/31/cn-finance-relative/260/cn-china-m1-m2
香港-消費者物價 | 中國-物價 | 圖組 | MacroMicro 財經M平方,"香港消費者物價指數（Consumer Price Index, CPI），從消費者角度反映住戶所購買的生活消費品、服務項目等價格變動，統計範圍包含食品、住屋、電力、燃氣及水、煙酒 、衣履、耐用物品 、雜項物品、交通 、雜項服務，主要採用外勤訪問形式搜集價格變化。

CPI 年增率是觀察香港「通貨膨脹」程度和「民眾消費購買力強弱」的重要指標，當 CPI 年增率愈高，表示通膨壓力愈高，民眾消費購買力也會因物價上揚而降低；反之，當 CPI 年增率愈低，民眾消費購買力也會上升。",https://www.macromicro.me/collections/24/cn-price-relative/13430/hk-cpi
Title not found,Meta description not found,https://www.macromicro.me//sc.macromicro.me/collections/26/cn-house-relative
中國-房價 vs. 消費者信心指數 | 中國-房地產 | 圖組 | MacroMicro 財經M平方,"中國居民資產配置中，多數仍傾向持有更多房地產，因此房價波動容易在中國產生財富效果。當房價上漲時，持屋居民受惠資產價值上升，消費信心也會隨之上升，消費動能增加；反之，當房價下跌時，持屋居民的資產價值下滑，消費信心及動能也會隨之減弱。

根據歷史經驗，房價通常會領先消費者信心約 6 ~ 12 個月，因此本圖將中國總體房價增速進行「後移 12 個月」的調整。",https://www.macromicro.me/collections/26/cn-house-relative/57265/cn-housing-price-vs-consumer-confidence-index
中國-汽車製造業-鋼胎開工率 v.s. 工業增加值 | 中國-月度經濟數據 | 圖組 | MacroMicro 財經M平方,"衡量中國境內工業生產情況的「工業增加值」，是月中數據當中的重要指標，其中，「汽車製造業」是佔比較高的一環，對其走勢的預判，在很大程度上能幫助我們判斷整體「工業增加值」的情況。

半鋼輪胎，是指僅胎面含有鋼絲層的輪胎，大多配置在轎車，商務車等車型；全鋼輪胎，是指胎面及胎側均含有鋼絲層的輪胎，一般都配置在載重較大的車型，例如貨車、客車和公車等，兩種鋼胎的開工率可視為汽車產業鏈的上游資料，屬於每週更新的高頻指標，將該數據進行月平均處理後在計算年增，會發現與「汽車製造業」增加值亦步亦趨。",https://www.macromicro.me/collections/21031/china-monthly-economic-data/101758/steel-tire-operating-rate-vs-industrial-added-value
中國-汽車產量 | 中國-製造/服務 | 圖組 | MacroMicro 財經M平方,中國是全球最大的汽車消費、汽車製造國，可以透過觀察工業增加值中的汽車產量，判斷車市供給端的狀況。（單位：萬輛）,https://www.macromicro.me/collections/25/cn-industry-relative/315/cn-china-output-of-cars
中國-零售銷售-建築材料相關 | 中國-消費 | 圖組 | MacroMicro 財經M平方,"為房地產消費鏈項目之一，雖占比零售銷售不大，但能藉此觀察房市景氣榮枯。

註：2 月數據為 1、 2 月累計",https://www.macromicro.me/collections/23/cn-consumption/296/cn-china-retail-sales-of-enterprises-above-designated-size-building-and-decoration-materials
中國-新增信貸 | 中國-市場指標 | 圖組 | MacroMicro 財經M平方,"即社會融資的細項「人民幣貸款增量」，或稱新增信貸，中國新增信貸包含第一次向某家銀行貸款，以及還款後再次申請的貸款，而信貸增長變化與經濟活動狀況息息相關。

當中國景氣狀況佳，自然使得經濟活動主體企業對信貸需求增長的增強。
當中國景氣狀況差，自然使得經濟活動主體企業對信貸需求增長的減少。",https://www.macromicro.me/collections/31/cn-finance-relative/267/cn-new-loans
Title not found,Meta description not found,https://www.macromicro.me//www.macromicro.me/collections/21031/china-monthly-economic-data
香港-訪港旅客vs.中國訪港旅客 | 中國-消費 | 圖組 | MacroMicro 財經M平方,"香港除了作為國際貿易的重要樞紐外，發達的旅遊業也是支撐香港經濟和就業市場的一大主力，從訪港旅客總數(Visitor Arrivals)可以觀察目前香港的內需和就業狀況，而大陸做為香港最主要的客源市場(約 80%)，中國訪港旅客數也與香港的景氣有緊密的關聯。

由於以中國旅客為主，因此當人民幣貶值時，恐降低中國旅客消費購買力，接連衝擊香港的旅遊業景氣。

",https://www.macromicro.me/collections/23/cn-consumption/13985/hk-total-visitor-vs-china-visitors
中國-企業家問卷調查 | 中國-GDP綜合指標 | 圖組 | MacroMicro 財經M平方,"企業家問卷調查是中國人民銀行於 1992 年起建立的一項季度調查。調查對象為全國 5,000 多戶工業企業，調查內容主要包括企業對總體經濟前景、訂單需求、資金周轉及回籠、盈利等狀況的判斷。",https://www.macromicro.me/collections/22/cn-gdp-relative/72695/china-entrepreneur-questionnaire
中國-居民人均收入&支出 | 中國-GDP綜合指標 | 圖組 | MacroMicro 財經M平方,"居民可支配收入：
指居民可用於最終消費支出和儲蓄的總和，即居民可用於自由支配的收入，既包括現金收入，也包括實物收入。

居民消費支出：
指居民用於滿足家庭日常生活消費需要的全部支出，既包括現金消費支出，也包括實物消費支出。

居民收入與支出增速變化，反映中國居民整體消費狀況。",https://www.macromicro.me/collections/22/cn-gdp-relative/14719/cn-residents-per-capita-income-expenditure
Title not found,Meta description not found,https://www.macromicro.me//www.macromicro.me/collections/25/cn-industry-relative/229/cn-value-added-of-industry-pmi
中國-進口 | 中國-對外貿易 | 圖組 | MacroMicro 財經M平方,"中國目前為全球第二大進口國，主要進口品包括機電產品、高新技術產品、積體電路、原油、農產品、鐵礦砂等。主要進口地區有南韓、台灣、日本、美國、澳洲等

中國進口增速變化反映本身內需強弱，也代表著對相關進口國的經濟和原物料商品的需求拉動

註 1：第一季進出口容易受到春節因素影響，產生大幅波動、貿易逆差等狀況，不必過度解讀。
註 2：2020 年開始二月數據為一、二月累計。",https://www.macromicro.me/collections/27/cn-trade-finance-relative/236/cn-china-trade-import-growth-rate
Title not found,Meta description not found,https://www.macromicro.me//www.macromicro.me/collections/24/cn-price-relative
中國-一線城市房價(年增率) | 中國-房地產 | 圖組 | MacroMicro 財經M平方,"「北上廣深」等一線城市一向為中國房價漲勢的領先者，此房價使用新建商品住宅價格 (年增率)，觀察房價長期變化趨勢。
",https://www.macromicro.me/collections/26/cn-house-relative/255/cn-first-tier-city-housing-price-newly-consructed-commercial-residential-buildings-growth-rate
香港-M1和M2 | 香港-市場指標 | 圖組 | MacroMicro 財經M平方,"香港貨幣供應量為流動性觀察指標之一，由於缺乏獨立貨幣政策，貨幣供應受到國際信貸環境顯著影響。

可分為：
M1 = M0+企業活期存款+機關團體部隊存款+農村存款+個人持有的信用卡類存款
M2 = M1+持牌銀行的客戶儲蓄及定期存款+由持牌銀行發行而由銀行持有的可轉讓存款證。
M3 = M2+有限制牌照銀行及接受存款公司客戶的存款+以上兩類認可機構發行而由非銀行持有的可轉讓存款證。

Ｍ1增速＞M2增速代表民間投資對於未來是正向看待，願意把錢放在活期存款準備隨時投資。
Ｍ1增速＜M2增速代表民間投資對於未來是負向看待，只願意把錢放在定存帳戶，不願意投資。",https://www.macromicro.me/collections/1626/hk-finance-relative/13964/hk-m1-and-m2
中國-彭博信貸脈衝指數 | 中國-市場指標 | 圖組 | MacroMicro 財經M平方,"信貸脈衝為新增信貸對國內生產毛額的比重，為衡量一國信貸循環的重要領先指標，通常景氣開始復甦時，信貸脈衝指數會逐漸向上攀升。

過去來看，中國的信貸脈衝與 GDP 較無太大相關性，但與房價指數有著高度正相關，主要原因是過去在遇到經濟危機時，中國政府時常利用房地產做為刺激內需的主要手段，這也使的經濟復甦時，新增的信貸大多是流向房地產，但在近年中國政府逐漸加大對於房地產的調控下，信貸脈衝與房價增速出現了脫鉤，而這些新增的貸款反而轉向了股市。",https://www.macromicro.me/collections/31/cn-finance-relative/35559/china-credit-impulse-index
香港-商品進口-國家(年增率) | 中國-對外貿易 | 圖組 | MacroMicro 財經M平方,香港主要商品進口地區占比，以中國為最大佔比,https://www.macromicro.me/collections/27/cn-trade-finance-relative/13652/hk-imports-of-goods-to-countries-yoy
Title not found,Meta description not found,https://www.macromicro.me//en.macromicro.me/collections/24/cn-price-relative
Title not found,Meta description not found,https://www.macromicro.me//en.macromicro.me/collections/26/cn-house-relative
中國-出口 | 中國-對外貿易 | 圖組 | MacroMicro 財經M平方,"中國目前為全球第一大出口國，主要出口品包括機電產品、高新技術產品、自動數據處理設備、手機、服裝、紡織製品等。主要出口地區有美國、香港、日本、韓國、越南、德國等。

中國的出口對國際大宗商品價格和經濟都有重要的影響。

註 1：第一季進出口容易受到春節因素影響，產生大幅波動、貿易逆差等狀況，不必過度解讀。
註 2：2020 年開始二月數據為一、二月累計。",https://www.macromicro.me/collections/27/cn-trade-finance-relative/279/cn-china-trade-export-growth-rate
中國-用電量 | 中國-GDP綜合指標 | 圖組 | MacroMicro 財經M平方,"中國用電量為李克強指數的指標之一，源自於李克強在擔任遼寧省委書記時，因為不相信 GDP 而透過三個指標來追蹤遼寧的經濟動向，包括：鐵路貨運量、用電量和銀行貸款發放量
可用來衡量工業生產活動的活躍程度，與工業經濟活絡度最具相關性的指標。",https://www.macromicro.me/collections/22/cn-gdp-relative/266/cn-electricity-consumption
香港-實質GDP內涵(年增率) | 中國-GDP綜合指標 | 圖組 | MacroMicro 財經M平方,"香港 GDP 組成可以分成四大部分：消費、投資、政府支出、淨出口（服務＆商品出口－服務＆商品進口）。

註：商品及服務進出口總和，較晚公佈。",https://www.macromicro.me/collections/22/cn-gdp-relative/13420/hk-real-gdp-component-yoy
中國-企業定期與活期存款 v.s. M1-M2 | 中國-市場指標 | 圖組 | MacroMicro 財經M平方,"當企業定期存款增速 > 活期存款增速，顯示資金活力不足，大量資金滯留定期帳戶，M1-M2存在向下的壓力；

當企業定期存款增速 < 活期存款增速，顯示大量資金從原來的定期帳戶釋出，用於企業的投資和生產，M1-M2 高機率改善。",https://www.macromicro.me/collections/31/cn-finance-relative/99762/china-corporate-time-and-demand-deposits-vs-m1m2
中國-居民與企業貸款月增量 | 中國-市場指標 | 圖組 | MacroMicro 財經M平方,"中國居民貸款反映居民的資金需求：

1. 短期貸款：可區分為消費型貸款、經營型貸款，後者在一定程度上類似中小企業貸款，主要用於短期流動資金周轉、購置或更新經營設備、支付租賃經營場所租金、商用房裝修等生產經營活動。

2. 長期貸款：其中有相當一部分屬於房屋貸款，因此與商品房銷售具有一定相關性。

中國企業貸款為反映企業資金流動性的重要指標，可分為三類：

1. 短期貸款：是指期限在 1 年期以下的貸款，主要用於補充短期營運資金、償還到期負債或結算等。

2. 票據融資：期限更短，也可流通交易，需有產業鏈中的核心企業信用背書，或銀行信用擔保，信用風險更低，因此當票據融資大增時，可判斷銀行信用風險偏好較低。

3. 中長期貸款：因期限較長，最能體現實體經濟融資需求狀況，貸款增長變化與經濟運行週期相同。
",https://www.macromicro.me/collections/31/cn-finance-relative/5042/china-enterprise-and-resident-loan
中國-總體房價 | 中國-房地產 | 圖組 | MacroMicro 財經M平方,中國房價容易受政府調控政策、融資環境影響，觀察過往每一次中國房地產市場的循環可以發現，在價格上漲的同時，是伴隨著政府調控放鬆、人行的寬鬆貨幣政策，而在下跌時，則為政府調控收緊、人行的緊縮貨幣政策，因此政府政策、人行貨幣政策為判斷整體中國房價走勢的關鍵。,https://www.macromicro.me/collections/26/cn-house-relative/983/house-price-yoy
香港-商品出口-產品(年增率) | 中國-對外貿易 | 圖組 | MacroMicro 財經M平方,香港前三大主要商品出口產品占比，以電動機械、儀器和用具及零件為出口最大宗，其次為通訊錄音及音響設備和儀器，以及辦公室機器和自動資料處理儀器。,https://www.macromicro.me/collections/27/cn-trade-finance-relative/13749/hk-export-of-goods-products-yoy
中國-PPI與CPI差vs.企業利潤 | 中國-物價 | 圖組 | MacroMicro 財經M平方,"中國工業生產者出廠價格（PPI），從生產者角度反映企業所有工業產品第一次出售時的出廠價格變化。

中國居民消費價格指數（CPI），從消費者角度反映城鄉居民所購買的生活消費品、服務項目等價格變動。

兩者年增率的「差距」能反映工業企業盈利空間，當 PPI - CPI 兩者年增率差距擴大，有利工業企業利潤改善；當差距縮小，則不利工業企業利潤改善。
",https://www.macromicro.me/collections/24/cn-price-relative/13170/cn-ppi-cpi-industrial-enterprises-total-profits
香港-實質GDP | 中國-GDP綜合指標 | 圖組 | MacroMicro 財經M平方,"國內生產毛額（Gross Domestic Product，GDP），指一國在一段特定期間內，所生產的最終勞動或商品的總價值，為衡量一個國家經濟狀況和發展水平的重要經濟指標，而未剔除通膨影響前為「名目 GDP 」，剔除通膨影響則稱為「實質 GDP 」，較能反映真實經濟成長。

1980 年代中期，香港經濟結構轉型取得明顯進展，將原本以出口和製造業為主的經濟模式，轉變爲提供轉口貿易並以提供服務為主導的經濟體，服務業發展至今佔 GDP 總額超過 90%，其中貿易和金融為香港兩大最為突出的行業別，充分凸顯其重要國際樞紐的特性，另外，旅遊業也為香港重要內需和服務出口的動能來源。
",https://www.macromicro.me/collections/22/cn-gdp-relative/13418/hk-real-gdp
中國-遠期外匯淨結匯vs.人民幣 | 中國-市場指標 | 圖組 | MacroMicro 財經M平方,"遠期外匯交易為買賣雙方事先約定好的「匯率」及「金額」，並且在未來一定的期間內依照約定進行交易。主要因企業、銀行、投資者規避風險之所需而產生。

遠期外匯淨結匯 = 遠期外匯結匯 - 遠期外匯售匯
當淨結匯呈現順差，表示外幣需求＜人民幣需求，人民幣容易升值。
當淨結匯呈現逆差，表示外幣需求＞人民幣需求，人民幣容易貶值。
",https://www.macromicro.me/collections/31/cn-finance-relative/2136/china-foreign-exchange-net-settlement-vs-cny
中國-工業生產者出廠價格vs.工業生產者購進價格 | 中國-物價 | 圖組 | MacroMicro 財經M平方,"中國工業生產者出廠價格（PPI）反映企業所有工業產品第一次出售時的出廠價格變化，影響企業收入變化。

中國工業生產者購進價格（PPIRM）則反映企業中間投入的原材料、燃料、動力購進的價格變化，影響企業成本變化。

透過觀察兩者年增率走勢、增速差，可以判斷企業利潤率變化方向。當 PPI 、 PPIRM 年增率均向上，同時兩者價差擴大，有利企業利潤改善；反之，當兩者均向下，同時價差縮小 ，則不利企業利潤改善。",https://www.macromicro.me/collections/24/cn-price-relative/227/cn-ppi-ppirm
中國-逆回購操作 | 中國-市場指標 | 圖組 | MacroMicro 財經M平方,逆回購操作為中國人民銀行短期調節流動性的方法之一，是人行於市場內買入債券等有價證券，為市場注入資金和流動性，通常會使短期市場利率下滑，反之則為正回購操作。,https://www.macromicro.me/collections/31/cn-finance-relative/53839/china-reverse-repurchase-agreement
中國-銀行貸款發放量 | 中國-GDP綜合指標 | 圖組 | MacroMicro 財經M平方,"中國銀行貸款發放量為李克強指數的指標之一，源自於李克強在擔任遼寧省委書記時，因為不相信 GDP 而透過三個指標來追蹤遼寧的經濟動向，包括：鐵路貨運量、用電量和銀行貸款發放量。中國銀行貸款發放量包含中長期貸款、消費貸款及經營貸款等各項貸款，貸款發放量和經濟活動狀況息息相關。

當中國景氣狀況佳，自然使得經濟活動主體企業或個人對信貸需求增長的增強。
當中國景氣狀況差，自然使得經濟活動主體企業或個人對信貸需求增長的減少。",https://www.macromicro.me/collections/22/cn-gdp-relative/985/cn-bank-total-loan
中國-固定資產投資 (累計年增率) - 分項 | 中國-投資 | 圖組 | MacroMicro 財經M平方,"中國固定資產投資構成中，佔比最高的是房地產（23%）、基建（11%）、製造業（32%）。
製造業投資中，較受關注的環節是：

1、電氣機械及器材（鋰電池、太陽能組件）
2、汽車（整車生產、零組件製造、電動車）
3、計算機通信和電子設備（電子產品）
4、非金屬礦物（水泥）
5、金屬製品（鋼鐵、銅）
",https://www.macromicro.me/collections/30/cn-investment-relative/94327/cn-investment-in-fixed-assets-manufacture-of-electrical-machine-s-accumulated-growth-rate
中國-出口量價動能 v.s. PPI | 中國-對外貿易 | 圖組 | MacroMicro 財經M平方,"中國海關總署公佈的出口數量指數、出口價格指數，讓我們能將夠中國的出口總值，按照數量端、價格端兩個角度進行拆解，指數大於 100 表示相較去年同期改善；指數小於 100 說明相較去年同期衰退。

數量指數：和出口總值的走勢基本一致，通常與外需冷熱、全球製造業庫存循環的變化同步。

價格指數：走勢不一定與出口總值一致，通常會與中國 PPI 年增率亦步亦趨，顯示中國境內工業品價格的波動變化，會透過出口貿易的管道，向海外傳遞。",https://www.macromicro.me/collections/27/cn-trade-finance-relative/102459/china-export-index-vs-ppi
中國-房地產開發投資 | 中國-房地產 | 圖組 | MacroMicro 財經M平方,"全國房地產開發業綜合景氣指數（國房景氣指數）是由中國的八個房地產分類指標合成的綜合指標，超過 100 表示房市處於景氣的狀態，100 以下則為不景氣。

房地產開發投資額 = 土地購置費用（約 30％）+ 施工支出（約 70％），佔固定資產投資比重約 20％，為固定資產投資增長投資主要動能之一，是內需動能的重要支撐。

註：未公佈 1 月份數據 ，其餘月份為當年度累計。",https://www.macromicro.me/collections/26/cn-house-relative/237/cn-housing-investment-yoy
中國-銀行家問卷調查-企業貸款需求 | 中國-GDP綜合指標 | 圖組 | MacroMicro 財經M平方,"銀行家問卷調查是中國人民銀行於 2004 年建立的一項季度調查，全國共調查 3,200 家銀行機構，調查對象為這些銀行機構（含外資商業銀行機構）的總部負責人，以及其一級分支機搆、二級分支機搆的行長或主管信貸業務的副行長。主要調查內容包括銀行對總體經濟前景、各產業貸款需求、貨幣政策感受及盈利等狀況的判斷。

本圖主要是將企業依照規模大小區分為大型、中型、小微三類，分別觀察三者各自的貸款需求。",https://www.macromicro.me/collections/22/cn-gdp-relative/72698/china-banker-questionnaire-enterprises-loan-demand
中國-居民消費價格細項(年增率) | 中國-物價 | 圖組 | MacroMicro 財經M平方,"中國居民消費者物價（Consumer Price Index, CPI）統計範圍包含食品菸酒、衣著、居住、生活用品及服務、交通和通信、教育文化和娛樂、醫療保健、其他用品和服務等 8 大類、 262 個基本分類的商品與服務價格。各分類權重會隨時代變遷每年略作調整，主要前四大組成為「食品菸酒」、「居住」「教育文化和娛樂」、「交通和通信」",https://www.macromicro.me/collections/24/cn-price-relative/226/cn-cpi-items
中國-人口數 | 中國-GDP綜合指標 | 圖組 | MacroMicro 財經M平方,"中國政府為防止人口過度膨脹，於 1979 年實施一胎化政策，直接導致中國出生率明顯下滑，卻也造就中國 1980 至 2010 年間人口紅利的盛世（勞動人口比重上升造就的經濟成長效應）。但過低的出生率使幼年人口比例顯著滑落，再加上高齡化現象，中國勞動人口比重於 2010 年後反轉下降。中國政府也逐漸意識到人口結構的影響，於 2016 年全面開放二胎，並在 2021 年 5 月時終止二胎批准三胎。

根據聯合國的預估，2020 年至 2030 年中國的人口將會緩慢增長至 14 億，10 年增速為 1.74%，而上個 10 年（2010-2020）的人口增長為 5.15%，增速將進一步地放緩，從 2021 年開始進入人口負增長，並於 2023 年人口數正式被印度超越。

註：預估值來自聯合國《世界人口展望報告》。
",https://www.macromicro.me/collections/22/cn-gdp-relative/290/global-cn-population
中國-月度經濟數據-消費、投資、工業與房市 | 中國-月度經濟數據 | 圖組 | MacroMicro 財經M平方,中國國家統計局於每個月的中旬（約 15 號左右的時間），公佈中國每個月最重要的四大總體經濟硬數據：零售銷售、固定資產投資、工業增加值和房市，簡稱「月度經濟數據」、或「月中數據」，此外，居民就業數據也會在此時同步公佈。,https://www.macromicro.me/collections/21031/china-monthly-economic-data
香港-零售業銷貨額-行業(年增率) | 中國-消費 | 圖組 | MacroMicro 財經M平方,"香港零售業銷貨額（Retail Sales）中，主要行業別包括：

1. 食品及菸草：9 ~ 10%
2. 超級市場：10 ~ 11%
3. 燃料：2 ~ 3%
4. 衣物、鞋類相關：12 ~ 13%
5. 耐用消費品：14 ~ 15%
6. 百貨公司：11 ~ 12％。
7. 珠寶、首飾、鐘錶：17 ~ 18%％
8. 其他消費品：21 ~ 22％",https://www.macromicro.me/collections/23/cn-consumption/13747/hk-retail-sales-industry-yoy
中國-一線城市房價(年增率) | MacroMicro 財經M平方,"「北上廣深」等一線城市一向為中國房價漲勢的領先者，此房價使用新建商品住宅價格 (年增率)，觀察房價長期變化趨勢。
",https://www.macromicro.me/charts/255/cn-first-tier-city-housing-price-newly-consructed-commercial-residential-buildings-growth-rate
創業板指 | MacroMicro 財經M平方,致力於整合全球總經數據，試圖發覺景氣循環的蛛絲馬跡，相信所有金融商品的投資決策都應回歸基本面。期待協助大家找到屬於自己的投資地圖!,https://www.macromicro.me/charts/1004/china-gei
中國-人口數 | MacroMicro 財經M平方,"中國政府為防止人口過度膨脹，於 1979 年實施一胎化政策，直接導致中國出生率明顯下滑，卻也造就中國 1980 至 2010 年間人口紅利的盛世（勞動人口比重上升造就的經濟成長效應）。但過低的出生率使幼年人口比例顯著滑落，再加上高齡化現象，中國勞動人口比重於 2010 年後反轉下降。中國政府也逐漸意識到人口結構的影響，於 2016 年全面開放二胎，並在 2021 年 5 月時終止二胎批准三胎。

根據聯合國的預估，2020 年至 2030 年中國的人口將會緩慢增長至 14 億，10 年增速為 1.74%，而上個 10 年（2010-2020）的人口增長為 5.15%，增速將進一步地放緩，從 2021 年開始進入人口負增長，並於 2023 年人口數正式被印度超越。

註：預估值來自聯合國《世界人口展望報告》。
",https://www.macromicro.me/charts/290/global-cn-population
中國-實質GDP | MacroMicro 財經M平方,"國內生產毛額（Gross Domestic Product，GDP），指一國在一段特定期間內，所生產的最終勞動或商品的總價值，為衡量一個國家經濟狀況和發展水平的重要經濟指標，而未剔除通膨影響前為「名目 GDP 」，剔除通膨影響則稱為「實質 GDP 」，較能反映真實經濟成長。近年中國政府調整經濟結構「減投資、擴內需」，希望能從過往追求高成長轉向高質量階段，目前為全球第二大經濟體，GDP 組成中主要以投資為主，消費為輔。

",https://www.macromicro.me/charts/224/cn-gdp-growth-rate
上證指數 | MacroMicro 財經M平方,上證指數是反映在上海證券交易所整體掛牌股票走勢的股價指數。,https://www.macromicro.me/charts/280/cn-shanghai-stock-exchange-composite-index
中國-居民消費價格[CPI] | MacroMicro 財經M平方,"中國居民消費價格指數（Consumer Price Index, CPI），從消費者角度反映城鄉居民所購買的生活消費品、服務項目等價格變動，統計範圍包含食品菸酒、衣著、居住、生活用品及服務、交通和通信、教育文化和娛樂、醫療保健、其他用品和服務等 8 大類、 262 個基本分類的商品與服務價格，採用抽樣調查方法抽選確定調查網點，按照「定人、定點、定時」的原則，直接派人到調查地點採集原始價格。

核心消費者物價指數（Core CPI）為扣除波動較大的能源及食物後的物價水準

CPI 年增率是觀察「通貨膨脹」程度和「民眾消費購買力強弱」的重要指標，因此「穩定物價」也成為了中國人行貨幣政策最終目標之一。

當 CPI 年增率愈高 ，通膨壓力愈高，民眾消費購買力降低；反之，當 CPI 年增率愈低，通膨壓力愈低，民眾消費購買力上升。

月資料一般在每個月的 13 號左右公佈",https://www.macromicro.me/charts/225/cn-cpi
中國-富時A50指數 | MacroMicro 財經M平方,富時中國 A50 指數是中國 A 股市場的一個指數，包含了在上海或深圳證券交易所上市的股票中市值最大的 50 家 A 股公司。,https://www.macromicro.me/charts/4260/ftse-cn-a50
中國-月度經濟數據-社會消費品零售銷售 | MacroMicro 財經M平方,"中國社會消費品零售銷售（ Retail Sales of Consumer Goods ），與固定資產投資、工業增加值及房市數據，在每個月的中旬同時由統計局公佈，屬於 GDP 增長「三駕馬車」（消費、投資和出口）中的重要一環，為「月度經濟數據」當中最關鍵的硬數據之一。

該數據主要指企業通過交易販售給個人 、用於非生產 / 非經營用的「 實物商品 」金額 ，以及提供「 餐飲服務 」所取得的收入金額 ，包括實物商品網上零售額 ，但不包括非實物商品網上零售額 。調查方式分別針對限額以上單位進行全數調查 ，對限額以下單位進行抽樣調查 。
 
中國民間消費占 GDP 比重近四成 ，社會消費品零售銷售代表的是中國零售市場的變化 ，反映中國需求強弱 ，也反映一國人民的生活水平以及消費購買力。

註 ：要注意的是社會消費品並不包含服務業消費，同時，統計局自 2012 年後不再分別 1 月、 2 月的數據，，之後的 2 月數據皆為 1、 2 月的累計值。 ",https://www.macromicro.me/charts/228/cn-china-total-retail-sales-of-consumer-goods
恆生指數 | MacroMicro 財經M平方,由香港股市中50檔藍籌股的市值計算而成，涵蓋香港所有上市公司12個月市值平均的63%。,https://www.macromicro.me/charts/283/cn-hong-kong-hang-seng-index
中國-固定資產投資 | MacroMicro 財經M平方,"中國固定資產投資（Fixed Asset Investment）包括房屋、建築物、機械設備、工具等，定義為一定時間內，社會完成的建造和購置固定資產的工作量，以及與此有關的費用的總稱 ，反映固定資產投資規模 、結構和發展速度的綜合性指標 。固定資產投資占中國 GDP 比重超過四成 ，為拉動經濟成長的重要動力 。

短期來看，固定資產投資能代表企業對未來景氣看法是否樂觀，帶動短期經濟增長；當固定資產投資積累後形成資本存量 ，將提升長期經濟增長潛力。

註：未公佈 1 月份數據 ，其餘月份為當年度累計
",https://www.macromicro.me/charts/230/cn-china-investment-completed-fixed-assets
深圳成指 | MacroMicro 財經M平方,深圳成指是按一定標準選出 500家具代表性的企業做為成份股，並以自由流通股數作加權所編成的股價指數。,https://www.macromicro.me/charts/281/cn-shenzhen-stock-exchange-component-index
中國-景氣循環圖 | MacroMicro 財經M平方,"『景氣循環圖』為統整影響景氣的領先指標因子所得出各時期該國位在的景氣循環位置。

第一象限：景氣加速擴張
第二象限：成長稍微趨緩，但仍強勁
第三象限：成長明顯趨緩，出現產業調整
第四象限：景氣復甦，產業調整至一定階段，成長再度回升。

中國為開發中國家，景氣不易像先進國家出現傳統定義的「衰退」，但仍會受到調整而出現第三象限的「下行」。中國自 2015年初開始經歷產業調整，景氣落入第三象限，2016年下半年緩步復甦轉為第四象限，直至 2017年 8月站上第一象限，於 2018年中回落至第二象限。

根據 M平方量化統計，投資陸股（富時中國 A50指數）投資在循環落點於第一、四象限勝率較高。",https://www.macromicro.me/charts/328/cn-econ-cycle
中國-外匯存底月變動&人民幣 | MacroMicro 財經M平方,"外匯存底與人民幣走勢相符，為資金流向指標之一，可由此觀察人民幣走勢。

外匯存底連續數月減少，反映資金流出，人民幣趨向貶值。
外匯存底連續數月增加，反映資金流入，人民幣趨向升值。


",https://www.macromicro.me/charts/257/cn-foreign-exchange-reserves
中國-房地產開發投資 | MacroMicro 財經M平方,"全國房地產開發業綜合景氣指數（國房景氣指數）是由中國的八個房地產分類指標合成的綜合指標，超過 100 表示房市處於景氣的狀態，100 以下則為不景氣。

房地產開發投資額 = 土地購置費用（約 30％）+ 施工支出（約 70％），佔固定資產投資比重約 20％，為固定資產投資增長投資主要動能之一，是內需動能的重要支撐。

註：未公佈 1 月份數據 ，其餘月份為當年度累計。",https://www.macromicro.me/charts/237/cn-housing-investment-yoy
中國-進出口 (年增率) | MacroMicro 財經M平方,"中國為世界第一大出口國、第二大進口國，其進出口數字同步反映全球經濟真實狀況。

中國出口受到全球經濟下行、貿易戰影響，出口壓力上升。

中國進口衰退顯示中國內需的疲軟。",https://www.macromicro.me/charts/338/cn-china-exports-imports
中國-滬深300 | MacroMicro 財經M平方,由上海和深圳的證券市場中選出前 300 大市值 A 股編製而成的指數，其中覆蓋了約 6.7 成的市值，產業類別相較於上證和深證更加分散，更能代表整體中國的真實經濟概況。,https://www.macromicro.me/charts/282/cn-shanghai-shengzhen-csi-300-index
中國-用電量 | MacroMicro 財經M平方,"中國用電量為李克強指數的指標之一，源自於李克強在擔任遼寧省委書記時，因為不相信 GDP 而透過三個指標來追蹤遼寧的經濟動向，包括：鐵路貨運量、用電量和銀行貸款發放量
可用來衡量工業生產活動的活躍程度，與工業經濟活絡度最具相關性的指標。",https://www.macromicro.me/charts/266/cn-electricity-consumption
中國-月度經濟數據-工業增加值 | MacroMicro 財經M平方,"中國工業增加值，與固定資產投資、社會零售銷售及房市數據，在每個月的中旬同時由統計局公佈，為「月度經濟數據」中最關鍵的硬數據之一。

中國工業增加值，即工業企業在生產活動最後的成果，是用來反映一定時期內，工業生產物量增減變動程度的指標，統計範圍為年主營業務收入 2000 萬元及以上的工業企業。

工業增加值為中國 GDP 的重要組成( 約佔 30％)，是觀察中國整體景氣的重要經濟指標。工業增加值的公式如下：

工業增加值 = 工業總產出-工業中間投入+應繳增值稅

工業企業包含原料工業、加工工業、裝配工業等，即一般常聽到的重工業和輕工業的總和。

註 ：2 月數據為 1、 2 月累計。",https://www.macromicro.me/charts/229/cn-value-added-of-industry-pmi
